USE [MakeList]
GO
SET IDENTITY_INSERT [dbo].[VGF_MakeListNodes] ON 

INSERT [dbo].[VGF_MakeListNodes] ([Id], [Type], [Parent], [Value], [Alias], [Order], [FullIndex], [Operator], [Connector], [Hidden]) VALUES (61, N'Form', 0, NULL, N'User', NULL, N'61', NULL, NULL, NULL)
INSERT [dbo].[VGF_MakeListNodes] ([Id], [Type], [Parent], [Value], [Alias], [Order], [FullIndex], [Operator], [Connector], [Hidden]) VALUES (62, N'Section', 61, NULL, N'add_user', N'1', N'61.62', NULL, NULL, NULL)
INSERT [dbo].[VGF_MakeListNodes] ([Id], [Type], [Parent], [Value], [Alias], [Order], [FullIndex], [Operator], [Connector], [Hidden]) VALUES (63, N'Section', 61, NULL, N'web_credentials_settings', N'2', N'61.63', NULL, NULL, NULL)
INSERT [dbo].[VGF_MakeListNodes] ([Id], [Type], [Parent], [Value], [Alias], [Order], [FullIndex], [Operator], [Connector], [Hidden]) VALUES (65, N'Section', 61, NULL, N'auto_recharge_settings', N'3', N'61.65', NULL, NULL, NULL)
INSERT [dbo].[VGF_MakeListNodes] ([Id], [Type], [Parent], [Value], [Alias], [Order], [FullIndex], [Operator], [Connector], [Hidden]) VALUES (66, N'Section', 61, NULL, N'regional_settings', N'4', N'61.66', NULL, NULL, NULL)
INSERT [dbo].[VGF_MakeListNodes] ([Id], [Type], [Parent], [Value], [Alias], [Order], [FullIndex], [Operator], [Connector], [Hidden]) VALUES (67, N'Section', 61, NULL, N'concurrent_calls_limit', N'5', N'61.67', NULL, NULL, NULL)
INSERT [dbo].[VGF_MakeListNodes] ([Id], [Type], [Parent], [Value], [Alias], [Order], [FullIndex], [Operator], [Connector], [Hidden]) VALUES (68, N'number', 62, N'', N'user_code', N'1', N'61.62.68', NULL, NULL, NULL)
INSERT [dbo].[VGF_MakeListNodes] ([Id], [Type], [Parent], [Value], [Alias], [Order], [FullIndex], [Operator], [Connector], [Hidden]) VALUES (69, N'text', 62, N'', N'description', N'2', N'61.62.69', NULL, NULL, NULL)
INSERT [dbo].[VGF_MakeListNodes] ([Id], [Type], [Parent], [Value], [Alias], [Order], [FullIndex], [Operator], [Connector], [Hidden]) VALUES (70, N'password', 62, N'', N'password', N'3', N'61.62.70', NULL, NULL, NULL)
INSERT [dbo].[VGF_MakeListNodes] ([Id], [Type], [Parent], [Value], [Alias], [Order], [FullIndex], [Operator], [Connector], [Hidden]) VALUES (72, N'Button', 68, NULL, N'add', NULL, N'61.68.72', NULL, NULL, NULL)
INSERT [dbo].[VGF_MakeListNodes] ([Id], [Type], [Parent], [Value], [Alias], [Order], [FullIndex], [Operator], [Connector], [Hidden]) VALUES (73, N'Button', 70, NULL, N'visibility', NULL, N'61.70.73', NULL, NULL, NULL)
INSERT [dbo].[VGF_MakeListNodes] ([Id], [Type], [Parent], [Value], [Alias], [Order], [FullIndex], [Operator], [Connector], [Hidden]) VALUES (74, N'select', 65, N'yes', N'ask_password', N'5', N'61.62.74', NULL, NULL, NULL)
INSERT [dbo].[VGF_MakeListNodes] ([Id], [Type], [Parent], [Value], [Alias], [Order], [FullIndex], [Operator], [Connector], [Hidden]) VALUES (75, N'option', 74, NULL, N'yes', N'1', N'61.62.74.75', NULL, NULL, NULL)
INSERT [dbo].[VGF_MakeListNodes] ([Id], [Type], [Parent], [Value], [Alias], [Order], [FullIndex], [Operator], [Connector], [Hidden]) VALUES (76, N'option', 74, NULL, N'no', N'2', N'61.62.74.76', NULL, NULL, NULL)
INSERT [dbo].[VGF_MakeListNodes] ([Id], [Type], [Parent], [Value], [Alias], [Order], [FullIndex], [Operator], [Connector], [Hidden]) VALUES (77, N'password', 62, NULL, N'confirm_password', N'4', N'61.62.77', NULL, NULL, NULL)
INSERT [dbo].[VGF_MakeListNodes] ([Id], [Type], [Parent], [Value], [Alias], [Order], [FullIndex], [Operator], [Connector], [Hidden]) VALUES (79, N'select', 62, N'No', N'ask_password_for_autouser', N'7', N'61.62.79', NULL, NULL, NULL)
INSERT [dbo].[VGF_MakeListNodes] ([Id], [Type], [Parent], [Value], [Alias], [Order], [FullIndex], [Operator], [Connector], [Hidden]) VALUES (80, N'option', 79, NULL, N'yes', N'1', N'61.62.79.80', NULL, NULL, NULL)
INSERT [dbo].[VGF_MakeListNodes] ([Id], [Type], [Parent], [Value], [Alias], [Order], [FullIndex], [Operator], [Connector], [Hidden]) VALUES (81, N'option', 79, NULL, N'no', N'2', N'61.62.79.80', NULL, NULL, NULL)
INSERT [dbo].[VGF_MakeListNodes] ([Id], [Type], [Parent], [Value], [Alias], [Order], [FullIndex], [Operator], [Connector], [Hidden]) VALUES (82, N'select', 62, N'No', N'status', N'8', N'61.62.82', NULL, NULL, NULL)
INSERT [dbo].[VGF_MakeListNodes] ([Id], [Type], [Parent], [Value], [Alias], [Order], [FullIndex], [Operator], [Connector], [Hidden]) VALUES (83, N'option', 82, NULL, N'enabled', N'1', N'61.62.82.83', NULL, NULL, NULL)
INSERT [dbo].[VGF_MakeListNodes] ([Id], [Type], [Parent], [Value], [Alias], [Order], [FullIndex], [Operator], [Connector], [Hidden]) VALUES (84, N'option', 82, NULL, N'enabled_in', N'2', N'61.62.82.84', NULL, NULL, NULL)
INSERT [dbo].[VGF_MakeListNodes] ([Id], [Type], [Parent], [Value], [Alias], [Order], [FullIndex], [Operator], [Connector], [Hidden]) VALUES (85, N'option', 82, NULL, N'enabled_out', N'3', N'61.62.82.85', NULL, NULL, NULL)
INSERT [dbo].[VGF_MakeListNodes] ([Id], [Type], [Parent], [Value], [Alias], [Order], [FullIndex], [Operator], [Connector], [Hidden]) VALUES (86, N'option', 82, NULL, N'disabled', N'4', N'61.62.82.86', NULL, NULL, NULL)
INSERT [dbo].[VGF_MakeListNodes] ([Id], [Type], [Parent], [Value], [Alias], [Order], [FullIndex], [Operator], [Connector], [Hidden]) VALUES (87, N'select', 62, N'Yes', N'ivr-enabled', N'9', N'61.62.87', NULL, NULL, NULL)
INSERT [dbo].[VGF_MakeListNodes] ([Id], [Type], [Parent], [Value], [Alias], [Order], [FullIndex], [Operator], [Connector], [Hidden]) VALUES (88, N'option', 87, NULL, N'yes', N'1', N'61.62.87.88', NULL, NULL, NULL)
INSERT [dbo].[VGF_MakeListNodes] ([Id], [Type], [Parent], [Value], [Alias], [Order], [FullIndex], [Operator], [Connector], [Hidden]) VALUES (89, N'option', 87, NULL, N'no', N'2', N'61.62.87.89', NULL, NULL, NULL)
INSERT [dbo].[VGF_MakeListNodes] ([Id], [Type], [Parent], [Value], [Alias], [Order], [FullIndex], [Operator], [Connector], [Hidden]) VALUES (90, N'select', 62, N'Debit', N'billing', N'10', N'61.62.90', NULL, NULL, NULL)
INSERT [dbo].[VGF_MakeListNodes] ([Id], [Type], [Parent], [Value], [Alias], [Order], [FullIndex], [Operator], [Connector], [Hidden]) VALUES (91, N'option', 90, NULL, N'credit', N'1', N'61.62.90.91', NULL, NULL, NULL)
INSERT [dbo].[VGF_MakeListNodes] ([Id], [Type], [Parent], [Value], [Alias], [Order], [FullIndex], [Operator], [Connector], [Hidden]) VALUES (92, N'option', 90, NULL, N'debit', N'2', N'61.62.90.92', NULL, NULL, NULL)
INSERT [dbo].[VGF_MakeListNodes] ([Id], [Type], [Parent], [Value], [Alias], [Order], [FullIndex], [Operator], [Connector], [Hidden]) VALUES (93, N'option', 90, NULL, N'limited', N'3', N'61.62.90.93', NULL, NULL, NULL)
INSERT [dbo].[VGF_MakeListNodes] ([Id], [Type], [Parent], [Value], [Alias], [Order], [FullIndex], [Operator], [Connector], [Hidden]) VALUES (94, N'number', 62, N'0', N'av_amount', N'11', N'61.62.94', NULL, NULL, NULL)
INSERT [dbo].[VGF_MakeListNodes] ([Id], [Type], [Parent], [Value], [Alias], [Order], [FullIndex], [Operator], [Connector], [Hidden]) VALUES (95, N'select', 62, N'Auto Language', N'billing', N'12', N'61.62.95', NULL, NULL, NULL)
INSERT [dbo].[VGF_MakeListNodes] ([Id], [Type], [Parent], [Value], [Alias], [Order], [FullIndex], [Operator], [Connector], [Hidden]) VALUES (96, N'option', 95, NULL, N'auto_language', N'1', N'61.62.95.96', NULL, NULL, NULL)
INSERT [dbo].[VGF_MakeListNodes] ([Id], [Type], [Parent], [Value], [Alias], [Order], [FullIndex], [Operator], [Connector], [Hidden]) VALUES (97, N'option', 95, NULL, N'english', N'2', N'61.62.95.97', NULL, NULL, NULL)
INSERT [dbo].[VGF_MakeListNodes] ([Id], [Type], [Parent], [Value], [Alias], [Order], [FullIndex], [Operator], [Connector], [Hidden]) VALUES (98, N'option', 95, NULL, N'spanish', N'3', N'61.62.95.98', NULL, NULL, NULL)
INSERT [dbo].[VGF_MakeListNodes] ([Id], [Type], [Parent], [Value], [Alias], [Order], [FullIndex], [Operator], [Connector], [Hidden]) VALUES (99, N'option', 95, NULL, N'portuguese', N'4', N'61.62.95.99', NULL, NULL, NULL)
INSERT [dbo].[VGF_MakeListNodes] ([Id], [Type], [Parent], [Value], [Alias], [Order], [FullIndex], [Operator], [Connector], [Hidden]) VALUES (100, N'select', 62, N'', N'batch', N'13', N'61.62.100', NULL, NULL, NULL)
INSERT [dbo].[VGF_MakeListNodes] ([Id], [Type], [Parent], [Value], [Alias], [Order], [FullIndex], [Operator], [Connector], [Hidden]) VALUES (101, N'button', 100, NULL, N'pageview', NULL, N'61.62.100.101', NULL, NULL, NULL)
INSERT [dbo].[VGF_MakeListNodes] ([Id], [Type], [Parent], [Value], [Alias], [Order], [FullIndex], [Operator], [Connector], [Hidden]) VALUES (102, N'select', 62, N'', N'client', N'14', N'61.62.102', NULL, NULL, NULL)
INSERT [dbo].[VGF_MakeListNodes] ([Id], [Type], [Parent], [Value], [Alias], [Order], [FullIndex], [Operator], [Connector], [Hidden]) VALUES (103, N'button', 102, NULL, N'pageview', NULL, N'61.62.102.103', NULL, NULL, NULL)
INSERT [dbo].[VGF_MakeListNodes] ([Id], [Type], [Parent], [Value], [Alias], [Order], [FullIndex], [Operator], [Connector], [Hidden]) VALUES (104, N'data', 100, NULL, N'/users', NULL, N'61.62.100.104', NULL, NULL, NULL)
INSERT [dbo].[VGF_MakeListNodes] ([Id], [Type], [Parent], [Value], [Alias], [Order], [FullIndex], [Operator], [Connector], [Hidden]) VALUES (105, N'datakey', 100, NULL, N'id', NULL, N'61.62.100.105', NULL, NULL, NULL)
INSERT [dbo].[VGF_MakeListNodes] ([Id], [Type], [Parent], [Value], [Alias], [Order], [FullIndex], [Operator], [Connector], [Hidden]) VALUES (107, N'dataMethod', 100, NULL, N'get', NULL, N'61.62.100.107', NULL, NULL, NULL)
INSERT [dbo].[VGF_MakeListNodes] ([Id], [Type], [Parent], [Value], [Alias], [Order], [FullIndex], [Operator], [Connector], [Hidden]) VALUES (109, N'dataValue', 100, NULL, N'name', NULL, N'61.62.100.109', NULL, NULL, NULL)
INSERT [dbo].[VGF_MakeListNodes] ([Id], [Type], [Parent], [Value], [Alias], [Order], [FullIndex], [Operator], [Connector], [Hidden]) VALUES (110, N'data', 102, NULL, N'/users', NULL, N'61.62.102.110', NULL, NULL, NULL)
INSERT [dbo].[VGF_MakeListNodes] ([Id], [Type], [Parent], [Value], [Alias], [Order], [FullIndex], [Operator], [Connector], [Hidden]) VALUES (111, N'datakey', 102, NULL, N'id', NULL, N'61.62.102.111', NULL, NULL, NULL)
INSERT [dbo].[VGF_MakeListNodes] ([Id], [Type], [Parent], [Value], [Alias], [Order], [FullIndex], [Operator], [Connector], [Hidden]) VALUES (112, N'datamethod', 102, NULL, N'get', NULL, N'61.62.102.112', NULL, NULL, NULL)
INSERT [dbo].[VGF_MakeListNodes] ([Id], [Type], [Parent], [Value], [Alias], [Order], [FullIndex], [Operator], [Connector], [Hidden]) VALUES (113, N'datavalue', 102, NULL, N'name', NULL, N'61.62.102.113', NULL, NULL, NULL)
INSERT [dbo].[VGF_MakeListNodes] ([Id], [Type], [Parent], [Value], [Alias], [Order], [FullIndex], [Operator], [Connector], [Hidden]) VALUES (114, N'button', 77, NULL, N'visibility', NULL, N'61.62.77.114', NULL, NULL, NULL)
INSERT [dbo].[VGF_MakeListNodes] ([Id], [Type], [Parent], [Value], [Alias], [Order], [FullIndex], [Operator], [Connector], [Hidden]) VALUES (117, N'Column', 61, N'Id_list', N'Id', NULL, N'61.117', NULL, NULL, N'true')
INSERT [dbo].[VGF_MakeListNodes] ([Id], [Type], [Parent], [Value], [Alias], [Order], [FullIndex], [Operator], [Connector], [Hidden]) VALUES (118, N'Column', 61, N'Name_list', N'Usuario', NULL, N'61.118', NULL, NULL, N'false')
INSERT [dbo].[VGF_MakeListNodes] ([Id], [Type], [Parent], [Value], [Alias], [Order], [FullIndex], [Operator], [Connector], [Hidden]) VALUES (133, N'Button', 61, N'/user/#id#', N'search', NULL, N'61.133', NULL, NULL, NULL)
INSERT [dbo].[VGF_MakeListNodes] ([Id], [Type], [Parent], [Value], [Alias], [Order], [FullIndex], [Operator], [Connector], [Hidden]) VALUES (134, N'Button', 61, N'/users', N'person', NULL, N'61.134', NULL, NULL, NULL)
INSERT [dbo].[VGF_MakeListNodes] ([Id], [Type], [Parent], [Value], [Alias], [Order], [FullIndex], [Operator], [Connector], [Hidden]) VALUES (135, N'Button', 61, N'/user', N'local_phone', NULL, N'61.135', NULL, NULL, NULL)
INSERT [dbo].[VGF_MakeListNodes] ([Id], [Type], [Parent], [Value], [Alias], [Order], [FullIndex], [Operator], [Connector], [Hidden]) VALUES (136, N'Button', 61, N'/', N'insert_drive_file', NULL, N'61.136', NULL, NULL, NULL)
INSERT [dbo].[VGF_MakeListNodes] ([Id], [Type], [Parent], [Value], [Alias], [Order], [FullIndex], [Operator], [Connector], [Hidden]) VALUES (137, N'Button', 61, N'/', N'open_in_new', NULL, N'61.137', NULL, NULL, NULL)
INSERT [dbo].[VGF_MakeListNodes] ([Id], [Type], [Parent], [Value], [Alias], [Order], [FullIndex], [Operator], [Connector], [Hidden]) VALUES (10140, N'date', 62, NULL, N'expiration_date', N'15', N'61.62.10140', NULL, NULL, NULL)
INSERT [dbo].[VGF_MakeListNodes] ([Id], [Type], [Parent], [Value], [Alias], [Order], [FullIndex], [Operator], [Connector], [Hidden]) VALUES (10141, N'datetime', 62, NULL, N'expiration_datetime', N'16', N'61.62.10141', NULL, NULL, NULL)
INSERT [dbo].[VGF_MakeListNodes] ([Id], [Type], [Parent], [Value], [Alias], [Order], [FullIndex], [Operator], [Connector], [Hidden]) VALUES (10142, N'time', 62, NULL, N'expiration_time', N'17', N'61.62.10142', NULL, NULL, NULL)
INSERT [dbo].[VGF_MakeListNodes] ([Id], [Type], [Parent], [Value], [Alias], [Order], [FullIndex], [Operator], [Connector], [Hidden]) VALUES (10143, N'file', 62, NULL, N'user_image', N'18', N'61.62.10143', NULL, NULL, NULL)
INSERT [dbo].[VGF_MakeListNodes] ([Id], [Type], [Parent], [Value], [Alias], [Order], [FullIndex], [Operator], [Connector], [Hidden]) VALUES (10152, N' List', 0, NULL, NULL, NULL, N'10152', NULL, NULL, NULL)
INSERT [dbo].[VGF_MakeListNodes] ([Id], [Type], [Parent], [Value], [Alias], [Order], [FullIndex], [Operator], [Connector], [Hidden]) VALUES (10153, N'Column', 10152, N'Id_list', N'Id', NULL, N'10152.10153', NULL, NULL, N'true')
INSERT [dbo].[VGF_MakeListNodes] ([Id], [Type], [Parent], [Value], [Alias], [Order], [FullIndex], [Operator], [Connector], [Hidden]) VALUES (10154, N'Column', 10152, N'Name_list', N'Name', NULL, N'10152.10154', NULL, NULL, N'false')
INSERT [dbo].[VGF_MakeListNodes] ([Id], [Type], [Parent], [Value], [Alias], [Order], [FullIndex], [Operator], [Connector], [Hidden]) VALUES (10160, N'Button', 10152, N'/user/#id#', N'search', NULL, N'10152.10160', NULL, NULL, NULL)
INSERT [dbo].[VGF_MakeListNodes] ([Id], [Type], [Parent], [Value], [Alias], [Order], [FullIndex], [Operator], [Connector], [Hidden]) VALUES (10161, N'Button', 10152, N'/users', N'person', NULL, N'10152.10161', NULL, NULL, NULL)
INSERT [dbo].[VGF_MakeListNodes] ([Id], [Type], [Parent], [Value], [Alias], [Order], [FullIndex], [Operator], [Connector], [Hidden]) VALUES (10162, N'Button', 10152, N'/user', N'local_phone', NULL, N'10152.10162', NULL, NULL, NULL)
INSERT [dbo].[VGF_MakeListNodes] ([Id], [Type], [Parent], [Value], [Alias], [Order], [FullIndex], [Operator], [Connector], [Hidden]) VALUES (10163, N'Button', 10152, N'/', N'insert_drive_file', NULL, N'10152.10163', NULL, NULL, NULL)
INSERT [dbo].[VGF_MakeListNodes] ([Id], [Type], [Parent], [Value], [Alias], [Order], [FullIndex], [Operator], [Connector], [Hidden]) VALUES (10164, N'Button', 10152, N'/', N'open_in_new', NULL, N'10152.10164', NULL, NULL, NULL)
INSERT [dbo].[VGF_MakeListNodes] ([Id], [Type], [Parent], [Value], [Alias], [Order], [FullIndex], [Operator], [Connector], [Hidden]) VALUES (10165, N'endpoint', 61, N'/users', NULL, NULL, N'61.10165', NULL, NULL, NULL)
INSERT [dbo].[VGF_MakeListNodes] ([Id], [Type], [Parent], [Value], [Alias], [Order], [FullIndex], [Operator], [Connector], [Hidden]) VALUES (10166, N'endpoint', 10152, N'/users', NULL, NULL, N'10152.10166', NULL, NULL, NULL)
SET IDENTITY_INSERT [dbo].[VGF_MakeListNodes] OFF
SET IDENTITY_INSERT [dbo].[VGF_UserLevels] ON 

INSERT [dbo].[VGF_UserLevels] ([Id], [Name]) VALUES (1, N'Sup')
INSERT [dbo].[VGF_UserLevels] ([Id], [Name]) VALUES (2, N'Admin')
INSERT [dbo].[VGF_UserLevels] ([Id], [Name]) VALUES (3, N'Operator')
SET IDENTITY_INSERT [dbo].[VGF_UserLevels] OFF
SET IDENTITY_INSERT [dbo].[VGF_MakeList] ON 

INSERT [dbo].[VGF_MakeList] ([Id], [Root], [Name], [UserLevel], [Type], [Comments]) VALUES (1, 61, N'User', NULL, N'form', NULL)
INSERT [dbo].[VGF_MakeList] ([Id], [Root], [Name], [UserLevel], [Type], [Comments]) VALUES (2, 10152, N'Users', NULL, N'list', NULL)
SET IDENTITY_INSERT [dbo].[VGF_MakeList] OFF
SET IDENTITY_INSERT [dbo].[VGF_Permissions] ON 

INSERT [dbo].[VGF_Permissions] ([Id], [Name], [Parent], [Path], [Method], [Comments]) VALUES (1, N'Makelist-Makelist', 3, N'/makelist/', N'GET|POST', NULL)
INSERT [dbo].[VGF_Permissions] ([Id], [Name], [Parent], [Path], [Method], [Comments]) VALUES (2, N'Makelist-Makeform', 3, N'/makeform/', N'GET|POST', NULL)
INSERT [dbo].[VGF_Permissions] ([Id], [Name], [Parent], [Path], [Method], [Comments]) VALUES (3, N'Makelist', NULL, NULL, NULL, NULL)
INSERT [dbo].[VGF_Permissions] ([Id], [Name], [Parent], [Path], [Method], [Comments]) VALUES (4, N'User-List', NULL, N'/users', N'POST', NULL)
INSERT [dbo].[VGF_Permissions] ([Id], [Name], [Parent], [Path], [Method], [Comments]) VALUES (6, N'User-Edit', NULL, N'/user', N'GET', NULL)
INSERT [dbo].[VGF_Permissions] ([Id], [Name], [Parent], [Path], [Method], [Comments]) VALUES (7, N'Permission-List', NULL, N'/me/permissions', N'GET|POST', NULL)
INSERT [dbo].[VGF_Permissions] ([Id], [Name], [Parent], [Path], [Method], [Comments]) VALUES (8, N'File-List', NULL, N'/files', N'GET', NULL)
INSERT [dbo].[VGF_Permissions] ([Id], [Name], [Parent], [Path], [Method], [Comments]) VALUES (9, N'File-Delete', NULL, N'/files/[i:id]/delete', N'POST', NULL)
INSERT [dbo].[VGF_Permissions] ([Id], [Name], [Parent], [Path], [Method], [Comments]) VALUES (10, N'File-Edit', NULL, N'/files/[i:id]', N'POST', NULL)
INSERT [dbo].[VGF_Permissions] ([Id], [Name], [Parent], [Path], [Method], [Comments]) VALUES (11, N'ME', NULL, N'/me', N'GET|POST', NULL)
INSERT [dbo].[VGF_Permissions] ([Id], [Name], [Parent], [Path], [Method], [Comments]) VALUES (12, N'Menu-List', NULL, N'/me/menu', N'GET|POST', NULL)
INSERT [dbo].[VGF_Permissions] ([Id], [Name], [Parent], [Path], [Method], [Comments]) VALUES (13, N'UserDeleted-List', NULL, N'/userDeleted', N'GET', NULL)
INSERT [dbo].[VGF_Permissions] ([Id], [Name], [Parent], [Path], [Method], [Comments]) VALUES (14, N'PaymentModule', NULL, N'/paymentModule', N'GET', NULL)
INSERT [dbo].[VGF_Permissions] ([Id], [Name], [Parent], [Path], [Method], [Comments]) VALUES (15, N'Batch-Edit', NULL, N'/batche', N'POST', NULL)
INSERT [dbo].[VGF_Permissions] ([Id], [Name], [Parent], [Path], [Method], [Comments]) VALUES (16, N'Batch-List', NULL, N'/batches', N'GET', NULL)
INSERT [dbo].[VGF_Permissions] ([Id], [Name], [Parent], [Path], [Method], [Comments]) VALUES (17, N'BatchesDeleted-List', NULL, N'/batchesDeleted', N'GET', NULL)
INSERT [dbo].[VGF_Permissions] ([Id], [Name], [Parent], [Path], [Method], [Comments]) VALUES (18, N'Did-Edit', NULL, N'/did', N'POST', NULL)
INSERT [dbo].[VGF_Permissions] ([Id], [Name], [Parent], [Path], [Method], [Comments]) VALUES (19, N'Did-List', NULL, N'/dids', N'GET', NULL)
INSERT [dbo].[VGF_Permissions] ([Id], [Name], [Parent], [Path], [Method], [Comments]) VALUES (20, N'PhoneNumber-Edit', NULL, N'/phoneNumber', N'POST', NULL)
INSERT [dbo].[VGF_Permissions] ([Id], [Name], [Parent], [Path], [Method], [Comments]) VALUES (21, N'PhoneNumber-List', NULL, N'/phoneNumbers', N'GET', NULL)
INSERT [dbo].[VGF_Permissions] ([Id], [Name], [Parent], [Path], [Method], [Comments]) VALUES (22, N'VirtualNumber-Edit', NULL, N'/virtualNumber', N'POST', NULL)
INSERT [dbo].[VGF_Permissions] ([Id], [Name], [Parent], [Path], [Method], [Comments]) VALUES (23, N'VirtualNumber-List', NULL, N'/virtualNumbers', N'GET', NULL)
INSERT [dbo].[VGF_Permissions] ([Id], [Name], [Parent], [Path], [Method], [Comments]) VALUES (24, N'AuthorizedIpsPrefixes', NULL, N'/authorizedIpsPrefixes', N'GET', NULL)
INSERT [dbo].[VGF_Permissions] ([Id], [Name], [Parent], [Path], [Method], [Comments]) VALUES (25, N'UserRestriction-Edit', NULL, N'/userRestriction', N'POST', NULL)
INSERT [dbo].[VGF_Permissions] ([Id], [Name], [Parent], [Path], [Method], [Comments]) VALUES (26, N'UserRestriction-List', NULL, N'/userRestrictions', N'GET', NULL)
INSERT [dbo].[VGF_Permissions] ([Id], [Name], [Parent], [Path], [Method], [Comments]) VALUES (27, N'AniRestriction-Edit', NULL, N'/aniRestriction', N'POST', NULL)
INSERT [dbo].[VGF_Permissions] ([Id], [Name], [Parent], [Path], [Method], [Comments]) VALUES (28, N'AniRestriction-List', NULL, N'/aniRestrictions', N'GET', NULL)
INSERT [dbo].[VGF_Permissions] ([Id], [Name], [Parent], [Path], [Method], [Comments]) VALUES (29, N'DistributorRule-Edit', NULL, N'/addNewDistributorRule', N'POST', NULL)
INSERT [dbo].[VGF_Permissions] ([Id], [Name], [Parent], [Path], [Method], [Comments]) VALUES (30, N'UserRule-Edit', NULL, N'/addNewUserRule', N'POST', NULL)
INSERT [dbo].[VGF_Permissions] ([Id], [Name], [Parent], [Path], [Method], [Comments]) VALUES (31, N'IpWhitelist', NULL, N'/ipWhitelists', N'POST', NULL)
INSERT [dbo].[VGF_Permissions] ([Id], [Name], [Parent], [Path], [Method], [Comments]) VALUES (32, N'IpWhiteCheck', NULL, N'/ipWhiteCheck', N'POST', NULL)
INSERT [dbo].[VGF_Permissions] ([Id], [Name], [Parent], [Path], [Method], [Comments]) VALUES (33, N'Rule-Edit', NULL, N'/addNewRule', N'POST', NULL)
INSERT [dbo].[VGF_Permissions] ([Id], [Name], [Parent], [Path], [Method], [Comments]) VALUES (34, N'AniBlacklist-Edit', NULL, N'/aniBlacklist', N'POST', NULL)
INSERT [dbo].[VGF_Permissions] ([Id], [Name], [Parent], [Path], [Method], [Comments]) VALUES (35, N'AniBlacklist-List', NULL, N'/aniBlacklists', N'GET', NULL)
INSERT [dbo].[VGF_Permissions] ([Id], [Name], [Parent], [Path], [Method], [Comments]) VALUES (36, N'Destination-Edit', NULL, N'/addDestination', N'POST', NULL)
INSERT [dbo].[VGF_Permissions] ([Id], [Name], [Parent], [Path], [Method], [Comments]) VALUES (37, N'Destination-List', NULL, N'/destinations', N'GET', NULL)
INSERT [dbo].[VGF_Permissions] ([Id], [Name], [Parent], [Path], [Method], [Comments]) VALUES (38, N'DestinationGroup-Edit', NULL, N'/destinationGroup', N'POST', NULL)
INSERT [dbo].[VGF_Permissions] ([Id], [Name], [Parent], [Path], [Method], [Comments]) VALUES (39, N'DestinationGroup-List', NULL, N'/destinationsGroups', N'GET', NULL)
INSERT [dbo].[VGF_Permissions] ([Id], [Name], [Parent], [Path], [Method], [Comments]) VALUES (40, N'TelcoCostList-Edit', NULL, N'/addTelcoCostList', N'POST', NULL)
INSERT [dbo].[VGF_Permissions] ([Id], [Name], [Parent], [Path], [Method], [Comments]) VALUES (41, N'DistributorCostList-Edit', NULL, N'/addDistributorCostList', N'POST', NULL)
INSERT [dbo].[VGF_Permissions] ([Id], [Name], [Parent], [Path], [Method], [Comments]) VALUES (42, N'DistributorPlatformCostList-Edit', NULL, N'/addDistributorPlatformCostList', N'POST', NULL)
INSERT [dbo].[VGF_Permissions] ([Id], [Name], [Parent], [Path], [Method], [Comments]) VALUES (43, N'UserCostList-Edit', NULL, N'/addUserCostList', N'POST', NULL)
INSERT [dbo].[VGF_Permissions] ([Id], [Name], [Parent], [Path], [Method], [Comments]) VALUES (44, N'ViewLists', NULL, N'/viewLists', N'GET', NULL)
INSERT [dbo].[VGF_Permissions] ([Id], [Name], [Parent], [Path], [Method], [Comments]) VALUES (45, N'Route-Edit', NULL, N'/route', N'POST', NULL)
INSERT [dbo].[VGF_Permissions] ([Id], [Name], [Parent], [Path], [Method], [Comments]) VALUES (46, N'Route-List', NULL, N'/routes', N'GET', NULL)
INSERT [dbo].[VGF_Permissions] ([Id], [Name], [Parent], [Path], [Method], [Comments]) VALUES (47, N'RoutePlan-Edit', NULL, N'/routePlan', N'POST', NULL)
INSERT [dbo].[VGF_Permissions] ([Id], [Name], [Parent], [Path], [Method], [Comments]) VALUES (48, N'RoutePlan-List', NULL, N'/routesPlans', N'GET', NULL)
INSERT [dbo].[VGF_Permissions] ([Id], [Name], [Parent], [Path], [Method], [Comments]) VALUES (49, N'TestRoute', NULL, N'/testRoute', N'POST', NULL)
INSERT [dbo].[VGF_Permissions] ([Id], [Name], [Parent], [Path], [Method], [Comments]) VALUES (50, N'RelatedRoute-Edit', NULL, N'/relatedRoute', N'POST', NULL)
INSERT [dbo].[VGF_Permissions] ([Id], [Name], [Parent], [Path], [Method], [Comments]) VALUES (51, N'RelatedRoute-List', NULL, N'/relatedRoutes', N'GET', NULL)
INSERT [dbo].[VGF_Permissions] ([Id], [Name], [Parent], [Path], [Method], [Comments]) VALUES (52, N'MassiveAdministrationRoute', NULL, N'/massiveAdministrationRoute', N'POST', NULL)
INSERT [dbo].[VGF_Permissions] ([Id], [Name], [Parent], [Path], [Method], [Comments]) VALUES (53, N'DistributorRoutePlan-Edit', NULL, N'/distributorRoutePlan', N'POST', NULL)
INSERT [dbo].[VGF_Permissions] ([Id], [Name], [Parent], [Path], [Method], [Comments]) VALUES (54, N'DistributorRoutePlan-List', NULL, N'/distributorsRoutesPlan', N'GET', NULL)
INSERT [dbo].[VGF_Permissions] ([Id], [Name], [Parent], [Path], [Method], [Comments]) VALUES (55, N'CarrierRoutePlan-Edit', NULL, N'/carrierRoutePlan', N'POST', NULL)
INSERT [dbo].[VGF_Permissions] ([Id], [Name], [Parent], [Path], [Method], [Comments]) VALUES (56, N'CarrierRoutePlan-List', NULL, N'/carriersRoutesPlan', N'GET', NULL)
INSERT [dbo].[VGF_Permissions] ([Id], [Name], [Parent], [Path], [Method], [Comments]) VALUES (57, N'Gateways-List', NULL, N'/gateways', N'GET', NULL)
INSERT [dbo].[VGF_Permissions] ([Id], [Name], [Parent], [Path], [Method], [Comments]) VALUES (58, N'MonitoringService', NULL, N'/monitoringService', N'GET', NULL)
INSERT [dbo].[VGF_Permissions] ([Id], [Name], [Parent], [Path], [Method], [Comments]) VALUES (59, N'Gatekeepers-List', NULL, N'/gatekeepers', N'GET', NULL)
INSERT [dbo].[VGF_Permissions] ([Id], [Name], [Parent], [Path], [Method], [Comments]) VALUES (60, N'Proxies-List', NULL, N'/proxies', N'GET', NULL)
INSERT [dbo].[VGF_Permissions] ([Id], [Name], [Parent], [Path], [Method], [Comments]) VALUES (61, N'MediaServers-List', NULL, N'/mediaServers', N'GET', NULL)
INSERT [dbo].[VGF_Permissions] ([Id], [Name], [Parent], [Path], [Method], [Comments]) VALUES (62, N'NetworkElement-Edit', NULL, N'/networkElement', N'POST', NULL)
INSERT [dbo].[VGF_Permissions] ([Id], [Name], [Parent], [Path], [Method], [Comments]) VALUES (63, N'NetworkElement-List', NULL, N'/networkElements', N'GET', NULL)
INSERT [dbo].[VGF_Permissions] ([Id], [Name], [Parent], [Path], [Method], [Comments]) VALUES (64, N'Carrier-Edit', NULL, N'/carrier', N'POST', NULL)
INSERT [dbo].[VGF_Permissions] ([Id], [Name], [Parent], [Path], [Method], [Comments]) VALUES (65, N'Carrier-List', NULL, N'/carriers', N'GET', NULL)
INSERT [dbo].[VGF_Permissions] ([Id], [Name], [Parent], [Path], [Method], [Comments]) VALUES (66, N'DistributorPaymentModule', NULL, N'/distributorPaymentModule', N'POST', NULL)
INSERT [dbo].[VGF_Permissions] ([Id], [Name], [Parent], [Path], [Method], [Comments]) VALUES (67, N'DistributorRelatedNetworkElement-Edit', NULL, N'/distributorRelatedNetworkElement', N'POST', NULL)
INSERT [dbo].[VGF_Permissions] ([Id], [Name], [Parent], [Path], [Method], [Comments]) VALUES (68, N'DistributorRelatedNetworkElement-List', NULL, N'/distributorsRelatedNetworkElements', N'GET', NULL)
INSERT [dbo].[VGF_Permissions] ([Id], [Name], [Parent], [Path], [Method], [Comments]) VALUES (69, N'DistributorDidPrefix-Edit', NULL, N'/distributorDidPrefix', N'POST', NULL)
INSERT [dbo].[VGF_Permissions] ([Id], [Name], [Parent], [Path], [Method], [Comments]) VALUES (70, N'DistributorDidPrefix-List', NULL, N'/distributorsDidPrefixes', N'GET', NULL)
INSERT [dbo].[VGF_Permissions] ([Id], [Name], [Parent], [Path], [Method], [Comments]) VALUES (71, N'PhoneNumberDnis-Edit', NULL, N'/phoneNumberDnis', N'GET', NULL)
INSERT [dbo].[VGF_Permissions] ([Id], [Name], [Parent], [Path], [Method], [Comments]) VALUES (72, N'PhoneNumberDnis-List', NULL, N'/phoneNumbersDnis', N'GET', NULL)
INSERT [dbo].[VGF_Permissions] ([Id], [Name], [Parent], [Path], [Method], [Comments]) VALUES (73, N'PurchasesSearchAmount', NULL, N'/purchasesSearchAmount', N'GET', NULL)
INSERT [dbo].[VGF_Permissions] ([Id], [Name], [Parent], [Path], [Method], [Comments]) VALUES (74, N'PurchasesViewConfigurationsList', NULL, N'/purchasesViewConfigurationsList', N'POST', NULL)
INSERT [dbo].[VGF_Permissions] ([Id], [Name], [Parent], [Path], [Method], [Comments]) VALUES (75, N'PurchasesSearchCreditCards', NULL, N'/purchasesSearchCreditCards', N'GET', NULL)
INSERT [dbo].[VGF_Permissions] ([Id], [Name], [Parent], [Path], [Method], [Comments]) VALUES (76, N'PortabilityOperator-Edit', NULL, N'/portabilityOperator', N'POST', NULL)
INSERT [dbo].[VGF_Permissions] ([Id], [Name], [Parent], [Path], [Method], [Comments]) VALUES (77, N'PortabilityOperator-List', NULL, N'/portabilityOperators', N'GET', NULL)
INSERT [dbo].[VGF_Permissions] ([Id], [Name], [Parent], [Path], [Method], [Comments]) VALUES (78, N'CspOperator-Edit', NULL, N'/cspOperator', N'POST', NULL)
INSERT [dbo].[VGF_Permissions] ([Id], [Name], [Parent], [Path], [Method], [Comments]) VALUES (79, N'CspOperator-List', NULL, N'/cspOperators', N'GET', NULL)
INSERT [dbo].[VGF_Permissions] ([Id], [Name], [Parent], [Path], [Method], [Comments]) VALUES (80, N'Country-Edit', NULL, N'/country', N'POST', NULL)
INSERT [dbo].[VGF_Permissions] ([Id], [Name], [Parent], [Path], [Method], [Comments]) VALUES (81, N'Country-List', NULL, N'/countrys', N'GET', NULL)
INSERT [dbo].[VGF_Permissions] ([Id], [Name], [Parent], [Path], [Method], [Comments]) VALUES (82, N'Inbound-Edit', NULL, N'/inbound', N'POST', NULL)
INSERT [dbo].[VGF_Permissions] ([Id], [Name], [Parent], [Path], [Method], [Comments]) VALUES (83, N'Inbound-List', NULL, N'/inbounds', N'GET', NULL)
INSERT [dbo].[VGF_Permissions] ([Id], [Name], [Parent], [Path], [Method], [Comments]) VALUES (84, N'Translation-Edit', NULL, N'/translation', N'POST', NULL)
INSERT [dbo].[VGF_Permissions] ([Id], [Name], [Parent], [Path], [Method], [Comments]) VALUES (85, N'Translation-List', NULL, N'/translations', N'GET', NULL)
INSERT [dbo].[VGF_Permissions] ([Id], [Name], [Parent], [Path], [Method], [Comments]) VALUES (86, N'Parameters-List', NULL, N'/parameters', N'GET', NULL)
INSERT [dbo].[VGF_Permissions] ([Id], [Name], [Parent], [Path], [Method], [Comments]) VALUES (87, N'ServiceManager', NULL, N'/serviceManager', N'POST', NULL)
INSERT [dbo].[VGF_Permissions] ([Id], [Name], [Parent], [Path], [Method], [Comments]) VALUES (88, N'CollectCallPrefix-Edit', NULL, N'/collectCallPrefix', N'POST', NULL)
INSERT [dbo].[VGF_Permissions] ([Id], [Name], [Parent], [Path], [Method], [Comments]) VALUES (89, N'CollectCallPrefix-List', NULL, N'/collectCallsPrefixes', N'GET', NULL)
INSERT [dbo].[VGF_Permissions] ([Id], [Name], [Parent], [Path], [Method], [Comments]) VALUES (90, N'Logviewer', NULL, N'/logviewer', N'GET', NULL)
INSERT [dbo].[VGF_Permissions] ([Id], [Name], [Parent], [Path], [Method], [Comments]) VALUES (91, N'SecurityLevelsReferences', NULL, N'/securityLevelsReferences', N'GET', NULL)
INSERT [dbo].[VGF_Permissions] ([Id], [Name], [Parent], [Path], [Method], [Comments]) VALUES (92, N'DistributorSecurityLevels', NULL, N'/distributorSecurityLevels', N'GET', NULL)
INSERT [dbo].[VGF_Permissions] ([Id], [Name], [Parent], [Path], [Method], [Comments]) VALUES (93, N'DestinationUpdate', NULL, N'/destinationUpdate', N'POST', NULL)
INSERT [dbo].[VGF_Permissions] ([Id], [Name], [Parent], [Path], [Method], [Comments]) VALUES (94, N'BatchGeneration', NULL, N'/batcheGeneration', N'POST', NULL)
INSERT [dbo].[VGF_Permissions] ([Id], [Name], [Parent], [Path], [Method], [Comments]) VALUES (95, N'RateUpdate', NULL, N'/rateUpdate', N'POST', NULL)
INSERT [dbo].[VGF_Permissions] ([Id], [Name], [Parent], [Path], [Method], [Comments]) VALUES (96, N'RatePlanUpdate', NULL, N'/ratePlanUpdate', N'POST', NULL)
INSERT [dbo].[VGF_Permissions] ([Id], [Name], [Parent], [Path], [Method], [Comments]) VALUES (97, N'TranslationsUpdate', NULL, N'/translationsUpdate', N'POST', NULL)
INSERT [dbo].[VGF_Permissions] ([Id], [Name], [Parent], [Path], [Method], [Comments]) VALUES (98, N'DnisUpdate', NULL, N'/dnisUpdate', N'POST', NULL)
INSERT [dbo].[VGF_Permissions] ([Id], [Name], [Parent], [Path], [Method], [Comments]) VALUES (99, N'DestinationGroupUpdate', NULL, N'/destinationGroupUpdate', N'POST', NULL)
INSERT [dbo].[VGF_Permissions] ([Id], [Name], [Parent], [Path], [Method], [Comments]) VALUES (100, N'RestrictionUpdate', NULL, N'/restrictionUpdate', N'POST', NULL)
GO
INSERT [dbo].[VGF_Permissions] ([Id], [Name], [Parent], [Path], [Method], [Comments]) VALUES (101, N'GeneratedUserUpload', NULL, N'/generatedUserUpload', N'POST', NULL)
INSERT [dbo].[VGF_Permissions] ([Id], [Name], [Parent], [Path], [Method], [Comments]) VALUES (102, N'GeneratedBatchUpload', NULL, N'/generatedBatcheUpload', N'POST', NULL)
INSERT [dbo].[VGF_Permissions] ([Id], [Name], [Parent], [Path], [Method], [Comments]) VALUES (103, N'CostListAdministration', NULL, N'/costListsAdministration', N'POST', NULL)
INSERT [dbo].[VGF_Permissions] ([Id], [Name], [Parent], [Path], [Method], [Comments]) VALUES (104, N'BatchesAdministration', NULL, N'/batchesAdministration', N'POST', NULL)
INSERT [dbo].[VGF_Permissions] ([Id], [Name], [Parent], [Path], [Method], [Comments]) VALUES (105, N'UserAdministration', NULL, N'/userAdministration', N'POST', NULL)
INSERT [dbo].[VGF_Permissions] ([Id], [Name], [Parent], [Path], [Method], [Comments]) VALUES (106, N'HistoricalFiles', NULL, N'/downloadsHistoricalFiles', N'GET', NULL)
INSERT [dbo].[VGF_Permissions] ([Id], [Name], [Parent], [Path], [Method], [Comments]) VALUES (107, N'LookAndFeel', NULL, N'/lookAndFeel', N'POST', NULL)
INSERT [dbo].[VGF_Permissions] ([Id], [Name], [Parent], [Path], [Method], [Comments]) VALUES (108, N'pdfConfiguration', NULL, N'/pdfConfiguration', N'POST', NULL)
INSERT [dbo].[VGF_Permissions] ([Id], [Name], [Parent], [Path], [Method], [Comments]) VALUES (109, N'byCarrier', NULL, N'/byCarrier', N'POST', NULL)
INSERT [dbo].[VGF_Permissions] ([Id], [Name], [Parent], [Path], [Method], [Comments]) VALUES (110, N'byClient', NULL, N'/byClient', N'POST', NULL)
INSERT [dbo].[VGF_Permissions] ([Id], [Name], [Parent], [Path], [Method], [Comments]) VALUES (111, N'byCountry', NULL, N'/byCountry', N'POST', NULL)
INSERT [dbo].[VGF_Permissions] ([Id], [Name], [Parent], [Path], [Method], [Comments]) VALUES (112, N'byDestination', NULL, N'/byDestination', N'POST', NULL)
INSERT [dbo].[VGF_Permissions] ([Id], [Name], [Parent], [Path], [Method], [Comments]) VALUES (113, N'byDestinationGroup', NULL, N'/byDestinationGroup', N'POST', NULL)
INSERT [dbo].[VGF_Permissions] ([Id], [Name], [Parent], [Path], [Method], [Comments]) VALUES (114, N'byUser', NULL, N'/byUser', N'POST', NULL)
INSERT [dbo].[VGF_Permissions] ([Id], [Name], [Parent], [Path], [Method], [Comments]) VALUES (115, N'byGateway', NULL, N'/byGateway', N'POST', NULL)
INSERT [dbo].[VGF_Permissions] ([Id], [Name], [Parent], [Path], [Method], [Comments]) VALUES (116, N'byWholeSale', NULL, N'/byWholeSale', N'POST', NULL)
INSERT [dbo].[VGF_Permissions] ([Id], [Name], [Parent], [Path], [Method], [Comments]) VALUES (117, N'byPlan', NULL, N'/byPlan', N'POST', NULL)
INSERT [dbo].[VGF_Permissions] ([Id], [Name], [Parent], [Path], [Method], [Comments]) VALUES (118, N'myProfits', NULL, N'/myProfits', N'POST', NULL)
INSERT [dbo].[VGF_Permissions] ([Id], [Name], [Parent], [Path], [Method], [Comments]) VALUES (119, N'myProfitsNoDistributor', NULL, N'/myProfitsNoDistributor', N'POST', NULL)
INSERT [dbo].[VGF_Permissions] ([Id], [Name], [Parent], [Path], [Method], [Comments]) VALUES (120, N'distributorProfit', NULL, N'/distributorsProfit', N'POST', NULL)
INSERT [dbo].[VGF_Permissions] ([Id], [Name], [Parent], [Path], [Method], [Comments]) VALUES (121, N'statisticsArs', NULL, N'/statisticsArs', N'POST', NULL)
INSERT [dbo].[VGF_Permissions] ([Id], [Name], [Parent], [Path], [Method], [Comments]) VALUES (122, N'carrierDifference', NULL, N'/carrierDifference', N'POST', NULL)
INSERT [dbo].[VGF_Permissions] ([Id], [Name], [Parent], [Path], [Method], [Comments]) VALUES (123, N'onlinePurchase', NULL, N'/onlinePurchase', N'POST', NULL)
INSERT [dbo].[VGF_Permissions] ([Id], [Name], [Parent], [Path], [Method], [Comments]) VALUES (124, N'sharedBatchAdjustment', NULL, N'/sharedBatcheAdjustment', N'POST', NULL)
INSERT [dbo].[VGF_Permissions] ([Id], [Name], [Parent], [Path], [Method], [Comments]) VALUES (125, N'statisticsUser', NULL, N'/statisticsUser', N'POST', NULL)
INSERT [dbo].[VGF_Permissions] ([Id], [Name], [Parent], [Path], [Method], [Comments]) VALUES (126, N'customReport', NULL, N'/customReport', N'POST', NULL)
INSERT [dbo].[VGF_Permissions] ([Id], [Name], [Parent], [Path], [Method], [Comments]) VALUES (127, N'statsModule', NULL, N'/statsModule', N'GET|POST', NULL)
INSERT [dbo].[VGF_Permissions] ([Id], [Name], [Parent], [Path], [Method], [Comments]) VALUES (128, N'Distributor-Edit', NULL, N'/distributor', N'POST', NULL)
INSERT [dbo].[VGF_Permissions] ([Id], [Name], [Parent], [Path], [Method], [Comments]) VALUES (129, N'Distributor-List', NULL, N'/distributors', N'GET', NULL)
INSERT [dbo].[VGF_Permissions] ([Id], [Name], [Parent], [Path], [Method], [Comments]) VALUES (130, N'relatedRoutePlans', NULL, N'/relatedRoutePlans', N'GET', NULL)
INSERT [dbo].[VGF_Permissions] ([Id], [Name], [Parent], [Path], [Method], [Comments]) VALUES (131, N'relatedNetworkElements', NULL, N'/relatedNetworkElements', N'GET', NULL)
INSERT [dbo].[VGF_Permissions] ([Id], [Name], [Parent], [Path], [Method], [Comments]) VALUES (132, N'didPrefixes', NULL, N'/didPrefixes', N'GET', NULL)
INSERT [dbo].[VGF_Permissions] ([Id], [Name], [Parent], [Path], [Method], [Comments]) VALUES (133, N'productConfiguration', NULL, N'/productConfiguration', N'POST', NULL)
INSERT [dbo].[VGF_Permissions] ([Id], [Name], [Parent], [Path], [Method], [Comments]) VALUES (134, N'Amount-Edit', NULL, N'/amount', N'POST', NULL)
INSERT [dbo].[VGF_Permissions] ([Id], [Name], [Parent], [Path], [Method], [Comments]) VALUES (135, N'Amount-List', NULL, N'/amounts', N'GET', NULL)
INSERT [dbo].[VGF_Permissions] ([Id], [Name], [Parent], [Path], [Method], [Comments]) VALUES (136, N'CreditCard-Edit', NULL, N'/creditCard', N'POST', NULL)
INSERT [dbo].[VGF_Permissions] ([Id], [Name], [Parent], [Path], [Method], [Comments]) VALUES (137, N'CreditCard-List', NULL, N'/creditCards', N'GET', NULL)
INSERT [dbo].[VGF_Permissions] ([Id], [Name], [Parent], [Path], [Method], [Comments]) VALUES (138, N'ViewProperties', NULL, N'/viewProperties', N'POST', NULL)
INSERT [dbo].[VGF_Permissions] ([Id], [Name], [Parent], [Path], [Method], [Comments]) VALUES (139, N'Client-Edit', NULL, N'/client', N'POST', NULL)
INSERT [dbo].[VGF_Permissions] ([Id], [Name], [Parent], [Path], [Method], [Comments]) VALUES (140, N'Client-List', NULL, N'/clients', N'GET', NULL)
INSERT [dbo].[VGF_Permissions] ([Id], [Name], [Parent], [Path], [Method], [Comments]) VALUES (141, N'Operator-Edit', NULL, N'/operator', N'POST', NULL)
INSERT [dbo].[VGF_Permissions] ([Id], [Name], [Parent], [Path], [Method], [Comments]) VALUES (142, N'Operator-List', NULL, N'/operators', N'GET', NULL)
INSERT [dbo].[VGF_Permissions] ([Id], [Name], [Parent], [Path], [Method], [Comments]) VALUES (143, N'Password-Edit', NULL, N'/changeMyPassword', N'POST', NULL)
INSERT [dbo].[VGF_Permissions] ([Id], [Name], [Parent], [Path], [Method], [Comments]) VALUES (144, N'Plan-Edit', NULL, N'/plan', N'POST', NULL)
INSERT [dbo].[VGF_Permissions] ([Id], [Name], [Parent], [Path], [Method], [Comments]) VALUES (145, N'Plan-List', NULL, N'/plans', N'GET', NULL)
INSERT [dbo].[VGF_Permissions] ([Id], [Name], [Parent], [Path], [Method], [Comments]) VALUES (146, N'User-Delete', NULL, N'/users/[i:id]/delete', N'POST', NULL)
SET IDENTITY_INSERT [dbo].[VGF_Permissions] OFF
SET IDENTITY_INSERT [dbo].[VGF_Menu] ON 

INSERT [dbo].[VGF_Menu] ([Id], [Permission], [Label], [Icon], [FullIndex], [Comments]) VALUES (1, NULL, N'users', N'person', N'1', NULL)
INSERT [dbo].[VGF_Menu] ([Id], [Permission], [Label], [Icon], [FullIndex], [Comments]) VALUES (2, 6, N'add_new', NULL, N'1.2', NULL)
INSERT [dbo].[VGF_Menu] ([Id], [Permission], [Label], [Icon], [FullIndex], [Comments]) VALUES (3, 4, N'search', NULL, N'1.3', NULL)
INSERT [dbo].[VGF_Menu] ([Id], [Permission], [Label], [Icon], [FullIndex], [Comments]) VALUES (4, 13, N'search_deleted', NULL, N'1.4', NULL)
INSERT [dbo].[VGF_Menu] ([Id], [Permission], [Label], [Icon], [FullIndex], [Comments]) VALUES (5, 14, N'payment_module', NULL, N'1.5', NULL)
INSERT [dbo].[VGF_Menu] ([Id], [Permission], [Label], [Icon], [FullIndex], [Comments]) VALUES (6, NULL, N'batches', NULL, N'1.6', NULL)
INSERT [dbo].[VGF_Menu] ([Id], [Permission], [Label], [Icon], [FullIndex], [Comments]) VALUES (7, 15, N'add_new', NULL, N'1.6.7', NULL)
INSERT [dbo].[VGF_Menu] ([Id], [Permission], [Label], [Icon], [FullIndex], [Comments]) VALUES (8, 16, N'search', NULL, N'1.6.8', NULL)
INSERT [dbo].[VGF_Menu] ([Id], [Permission], [Label], [Icon], [FullIndex], [Comments]) VALUES (9, 17, N'search_deleted', NULL, N'1.6.9', NULL)
INSERT [dbo].[VGF_Menu] ([Id], [Permission], [Label], [Icon], [FullIndex], [Comments]) VALUES (10, NULL, N'did', NULL, N'1.10', NULL)
INSERT [dbo].[VGF_Menu] ([Id], [Permission], [Label], [Icon], [FullIndex], [Comments]) VALUES (11, 18, N'add_new', NULL, N'1.10.11', NULL)
INSERT [dbo].[VGF_Menu] ([Id], [Permission], [Label], [Icon], [FullIndex], [Comments]) VALUES (12, 19, N'search', NULL, N'1.10.12', NULL)
INSERT [dbo].[VGF_Menu] ([Id], [Permission], [Label], [Icon], [FullIndex], [Comments]) VALUES (13, NULL, N'phone_numbers', NULL, N'1.13', NULL)
INSERT [dbo].[VGF_Menu] ([Id], [Permission], [Label], [Icon], [FullIndex], [Comments]) VALUES (14, 20, N'add_new', NULL, N'1.13.14', NULL)
INSERT [dbo].[VGF_Menu] ([Id], [Permission], [Label], [Icon], [FullIndex], [Comments]) VALUES (15, 21, N'search', NULL, N'1.13.15', NULL)
INSERT [dbo].[VGF_Menu] ([Id], [Permission], [Label], [Icon], [FullIndex], [Comments]) VALUES (16, NULL, N'virtual_numbers', NULL, N'1.16', NULL)
INSERT [dbo].[VGF_Menu] ([Id], [Permission], [Label], [Icon], [FullIndex], [Comments]) VALUES (17, 22, N'add_new', NULL, N'1.16.17', NULL)
INSERT [dbo].[VGF_Menu] ([Id], [Permission], [Label], [Icon], [FullIndex], [Comments]) VALUES (18, 23, N'search', NULL, N'1.16.18', NULL)
INSERT [dbo].[VGF_Menu] ([Id], [Permission], [Label], [Icon], [FullIndex], [Comments]) VALUES (19, 24, N'authorized_ips_prefixes', NULL, N'1.19', NULL)
INSERT [dbo].[VGF_Menu] ([Id], [Permission], [Label], [Icon], [FullIndex], [Comments]) VALUES (20, NULL, N'fraud_control', N'not_interested', N'20', NULL)
INSERT [dbo].[VGF_Menu] ([Id], [Permission], [Label], [Icon], [FullIndex], [Comments]) VALUES (21, NULL, N'user_restrictions', NULL, N'20.21', NULL)
INSERT [dbo].[VGF_Menu] ([Id], [Permission], [Label], [Icon], [FullIndex], [Comments]) VALUES (22, 25, N'add_new', NULL, N'20.21.22', NULL)
INSERT [dbo].[VGF_Menu] ([Id], [Permission], [Label], [Icon], [FullIndex], [Comments]) VALUES (23, 26, N'search', NULL, N'20.21.23', NULL)
INSERT [dbo].[VGF_Menu] ([Id], [Permission], [Label], [Icon], [FullIndex], [Comments]) VALUES (24, NULL, N'ani_restrictions', NULL, N'20.24', NULL)
INSERT [dbo].[VGF_Menu] ([Id], [Permission], [Label], [Icon], [FullIndex], [Comments]) VALUES (25, 27, N'add_new', NULL, N'20.24.25', NULL)
INSERT [dbo].[VGF_Menu] ([Id], [Permission], [Label], [Icon], [FullIndex], [Comments]) VALUES (26, 28, N'search', NULL, N'20.24.26', NULL)
INSERT [dbo].[VGF_Menu] ([Id], [Permission], [Label], [Icon], [FullIndex], [Comments]) VALUES (27, NULL, N'ip_whitelist', NULL, N'20.27', NULL)
INSERT [dbo].[VGF_Menu] ([Id], [Permission], [Label], [Icon], [FullIndex], [Comments]) VALUES (28, 29, N'add_new_distributor_rule', NULL, N'20.27.28', NULL)
INSERT [dbo].[VGF_Menu] ([Id], [Permission], [Label], [Icon], [FullIndex], [Comments]) VALUES (29, 30, N'add_new_user_rule', NULL, N'20.27.29', NULL)
INSERT [dbo].[VGF_Menu] ([Id], [Permission], [Label], [Icon], [FullIndex], [Comments]) VALUES (30, 31, N'search', NULL, N'20.27.30', NULL)
INSERT [dbo].[VGF_Menu] ([Id], [Permission], [Label], [Icon], [FullIndex], [Comments]) VALUES (31, 32, N'ip_check', NULL, N'20.27.31', NULL)
INSERT [dbo].[VGF_Menu] ([Id], [Permission], [Label], [Icon], [FullIndex], [Comments]) VALUES (32, 33, N'add_new_rule', NULL, N'20.27.32', NULL)
INSERT [dbo].[VGF_Menu] ([Id], [Permission], [Label], [Icon], [FullIndex], [Comments]) VALUES (33, NULL, N'ani_blacklist', NULL, N'20.33', NULL)
INSERT [dbo].[VGF_Menu] ([Id], [Permission], [Label], [Icon], [FullIndex], [Comments]) VALUES (34, 34, N'add', NULL, N'20.33.34', NULL)
INSERT [dbo].[VGF_Menu] ([Id], [Permission], [Label], [Icon], [FullIndex], [Comments]) VALUES (35, 35, N'search', NULL, N'20.33.35', NULL)
INSERT [dbo].[VGF_Menu] ([Id], [Permission], [Label], [Icon], [FullIndex], [Comments]) VALUES (36, NULL, N'cost', N'trending_up', N'36', NULL)
INSERT [dbo].[VGF_Menu] ([Id], [Permission], [Label], [Icon], [FullIndex], [Comments]) VALUES (37, NULL, N'destinations', NULL, N'36.37', NULL)
INSERT [dbo].[VGF_Menu] ([Id], [Permission], [Label], [Icon], [FullIndex], [Comments]) VALUES (38, 36, N'add_new', NULL, N'36.37.38', NULL)
INSERT [dbo].[VGF_Menu] ([Id], [Permission], [Label], [Icon], [FullIndex], [Comments]) VALUES (39, 37, N'search', NULL, N'36.37.39', NULL)
INSERT [dbo].[VGF_Menu] ([Id], [Permission], [Label], [Icon], [FullIndex], [Comments]) VALUES (40, NULL, N'groups', NULL, N'36.37.40', NULL)
INSERT [dbo].[VGF_Menu] ([Id], [Permission], [Label], [Icon], [FullIndex], [Comments]) VALUES (41, 38, N'add_new', NULL, N'36.37.40.41', NULL)
INSERT [dbo].[VGF_Menu] ([Id], [Permission], [Label], [Icon], [FullIndex], [Comments]) VALUES (42, 39, N'search', NULL, N'36.37.40.42', NULL)
INSERT [dbo].[VGF_Menu] ([Id], [Permission], [Label], [Icon], [FullIndex], [Comments]) VALUES (43, 40, N'add_telco_cost_list', NULL, N'36.43', NULL)
INSERT [dbo].[VGF_Menu] ([Id], [Permission], [Label], [Icon], [FullIndex], [Comments]) VALUES (44, 41, N'add_distributor_cost_list', NULL, N'36.44', NULL)
INSERT [dbo].[VGF_Menu] ([Id], [Permission], [Label], [Icon], [FullIndex], [Comments]) VALUES (45, 42, N'add_distributor_platform_cost_list', NULL, N'36.45', NULL)
INSERT [dbo].[VGF_Menu] ([Id], [Permission], [Label], [Icon], [FullIndex], [Comments]) VALUES (46, 43, N'add_user_cost_list', NULL, N'36.46', NULL)
INSERT [dbo].[VGF_Menu] ([Id], [Permission], [Label], [Icon], [FullIndex], [Comments]) VALUES (47, 44, N'view_list', NULL, N'36.47', NULL)
INSERT [dbo].[VGF_Menu] ([Id], [Permission], [Label], [Icon], [FullIndex], [Comments]) VALUES (48, NULL, N'config', N'settings_applications', N'48', NULL)
INSERT [dbo].[VGF_Menu] ([Id], [Permission], [Label], [Icon], [FullIndex], [Comments]) VALUES (49, NULL, N'routes', NULL, N'48.49', NULL)
INSERT [dbo].[VGF_Menu] ([Id], [Permission], [Label], [Icon], [FullIndex], [Comments]) VALUES (50, 45, N'add_new', NULL, N'48.49.50', NULL)
INSERT [dbo].[VGF_Menu] ([Id], [Permission], [Label], [Icon], [FullIndex], [Comments]) VALUES (51, 46, N'search', NULL, N'48.49.51', NULL)
INSERT [dbo].[VGF_Menu] ([Id], [Permission], [Label], [Icon], [FullIndex], [Comments]) VALUES (52, NULL, N'routes_plans', NULL, N'48.52', NULL)
INSERT [dbo].[VGF_Menu] ([Id], [Permission], [Label], [Icon], [FullIndex], [Comments]) VALUES (53, 47, N'add_new', NULL, N'48.52.53', NULL)
INSERT [dbo].[VGF_Menu] ([Id], [Permission], [Label], [Icon], [FullIndex], [Comments]) VALUES (54, 46, N'add_new_advanced', NULL, N'48.52.54', NULL)
INSERT [dbo].[VGF_Menu] ([Id], [Permission], [Label], [Icon], [FullIndex], [Comments]) VALUES (55, 48, N'search', NULL, N'48.52.55', NULL)
INSERT [dbo].[VGF_Menu] ([Id], [Permission], [Label], [Icon], [FullIndex], [Comments]) VALUES (56, 49, N'test', NULL, N'48.52.56', NULL)
INSERT [dbo].[VGF_Menu] ([Id], [Permission], [Label], [Icon], [FullIndex], [Comments]) VALUES (57, NULL, N'related_routes', NULL, N'48.52.57', NULL)
INSERT [dbo].[VGF_Menu] ([Id], [Permission], [Label], [Icon], [FullIndex], [Comments]) VALUES (58, 50, N'add_new', NULL, N'48.52.57.58', NULL)
INSERT [dbo].[VGF_Menu] ([Id], [Permission], [Label], [Icon], [FullIndex], [Comments]) VALUES (59, 51, N'search', NULL, N'48.52.57.59', NULL)
INSERT [dbo].[VGF_Menu] ([Id], [Permission], [Label], [Icon], [FullIndex], [Comments]) VALUES (60, 52, N'massive_administration', NULL, N'48.52.57.60', NULL)
INSERT [dbo].[VGF_Menu] ([Id], [Permission], [Label], [Icon], [FullIndex], [Comments]) VALUES (61, NULL, N'related_consumers', NULL, N'48.52.61', NULL)
INSERT [dbo].[VGF_Menu] ([Id], [Permission], [Label], [Icon], [FullIndex], [Comments]) VALUES (62, NULL, N'distributors', NULL, N'48.52.61.62', NULL)
INSERT [dbo].[VGF_Menu] ([Id], [Permission], [Label], [Icon], [FullIndex], [Comments]) VALUES (63, 53, N'add_new', NULL, N'48.52.61.62.63', NULL)
INSERT [dbo].[VGF_Menu] ([Id], [Permission], [Label], [Icon], [FullIndex], [Comments]) VALUES (64, 54, N'search', NULL, N'48.52.61.62.64', NULL)
INSERT [dbo].[VGF_Menu] ([Id], [Permission], [Label], [Icon], [FullIndex], [Comments]) VALUES (65, NULL, N'carriers', NULL, N'48.52.61.65', NULL)
INSERT [dbo].[VGF_Menu] ([Id], [Permission], [Label], [Icon], [FullIndex], [Comments]) VALUES (66, 55, N'add_new', NULL, N'48.52.61.65.66', NULL)
INSERT [dbo].[VGF_Menu] ([Id], [Permission], [Label], [Icon], [FullIndex], [Comments]) VALUES (67, 56, N'search', NULL, N'48.52.61.65.67', NULL)
INSERT [dbo].[VGF_Menu] ([Id], [Permission], [Label], [Icon], [FullIndex], [Comments]) VALUES (68, NULL, N'networks_elements', NULL, N'48.68', NULL)
INSERT [dbo].[VGF_Menu] ([Id], [Permission], [Label], [Icon], [FullIndex], [Comments]) VALUES (69, NULL, N'gateways', NULL, N'48.68.69', NULL)
INSERT [dbo].[VGF_Menu] ([Id], [Permission], [Label], [Icon], [FullIndex], [Comments]) VALUES (70, 57, N'search', NULL, N'48.68.69.70', NULL)
INSERT [dbo].[VGF_Menu] ([Id], [Permission], [Label], [Icon], [FullIndex], [Comments]) VALUES (71, 58, N'monitoring_service', NULL, N'48.68.69.71', NULL)
INSERT [dbo].[VGF_Menu] ([Id], [Permission], [Label], [Icon], [FullIndex], [Comments]) VALUES (72, NULL, N'gatekeepers', NULL, N'48.68.72', NULL)
INSERT [dbo].[VGF_Menu] ([Id], [Permission], [Label], [Icon], [FullIndex], [Comments]) VALUES (73, 59, N'search', NULL, N'48.68.72.73', NULL)
INSERT [dbo].[VGF_Menu] ([Id], [Permission], [Label], [Icon], [FullIndex], [Comments]) VALUES (74, NULL, N'proxies', NULL, N'48.68.74', NULL)
INSERT [dbo].[VGF_Menu] ([Id], [Permission], [Label], [Icon], [FullIndex], [Comments]) VALUES (75, 60, N'search', NULL, N'48.68.74.75', NULL)
INSERT [dbo].[VGF_Menu] ([Id], [Permission], [Label], [Icon], [FullIndex], [Comments]) VALUES (76, NULL, N'media_servers', NULL, N'48.68.76', NULL)
INSERT [dbo].[VGF_Menu] ([Id], [Permission], [Label], [Icon], [FullIndex], [Comments]) VALUES (77, 61, N'search', NULL, N'48.68.76.77', NULL)
INSERT [dbo].[VGF_Menu] ([Id], [Permission], [Label], [Icon], [FullIndex], [Comments]) VALUES (78, 62, N'add_new', NULL, N'48.68.78', NULL)
INSERT [dbo].[VGF_Menu] ([Id], [Permission], [Label], [Icon], [FullIndex], [Comments]) VALUES (79, 63, N'search', NULL, N'48.68.79', NULL)
INSERT [dbo].[VGF_Menu] ([Id], [Permission], [Label], [Icon], [FullIndex], [Comments]) VALUES (80, NULL, N'carriers', NULL, N'48.80', NULL)
INSERT [dbo].[VGF_Menu] ([Id], [Permission], [Label], [Icon], [FullIndex], [Comments]) VALUES (81, 64, N'add_new', NULL, N'48.80.81', NULL)
INSERT [dbo].[VGF_Menu] ([Id], [Permission], [Label], [Icon], [FullIndex], [Comments]) VALUES (82, 65, N'search', NULL, N'48.80.82', NULL)
INSERT [dbo].[VGF_Menu] ([Id], [Permission], [Label], [Icon], [FullIndex], [Comments]) VALUES (83, 66, N'payment_module', NULL, N'48.80.83', NULL)
INSERT [dbo].[VGF_Menu] ([Id], [Permission], [Label], [Icon], [FullIndex], [Comments]) VALUES (84, NULL, N'related_network_elements', NULL, N'48.80.84', NULL)
INSERT [dbo].[VGF_Menu] ([Id], [Permission], [Label], [Icon], [FullIndex], [Comments]) VALUES (85, 67, N'add_new', NULL, N'48.80.84.85', NULL)
INSERT [dbo].[VGF_Menu] ([Id], [Permission], [Label], [Icon], [FullIndex], [Comments]) VALUES (86, 68, N'search', NULL, N'48.80.84.86', NULL)
INSERT [dbo].[VGF_Menu] ([Id], [Permission], [Label], [Icon], [FullIndex], [Comments]) VALUES (87, NULL, N'did_prefix', NULL, N'48.80.87', NULL)
INSERT [dbo].[VGF_Menu] ([Id], [Permission], [Label], [Icon], [FullIndex], [Comments]) VALUES (88, 69, N'add_new', NULL, N'48.80.87.88', NULL)
INSERT [dbo].[VGF_Menu] ([Id], [Permission], [Label], [Icon], [FullIndex], [Comments]) VALUES (89, 70, N'search', NULL, N'48.80.87.89', NULL)
INSERT [dbo].[VGF_Menu] ([Id], [Permission], [Label], [Icon], [FullIndex], [Comments]) VALUES (90, NULL, N'phone_numbers_dnis', NULL, N'48.80.90', NULL)
INSERT [dbo].[VGF_Menu] ([Id], [Permission], [Label], [Icon], [FullIndex], [Comments]) VALUES (91, 71, N'add_new', NULL, N'48.80.90.91', NULL)
INSERT [dbo].[VGF_Menu] ([Id], [Permission], [Label], [Icon], [FullIndex], [Comments]) VALUES (92, 72, N'search', NULL, N'48.80.90.92', NULL)
INSERT [dbo].[VGF_Menu] ([Id], [Permission], [Label], [Icon], [FullIndex], [Comments]) VALUES (93, NULL, N'online_purchases', NULL, N'48.80.93', NULL)
INSERT [dbo].[VGF_Menu] ([Id], [Permission], [Label], [Icon], [FullIndex], [Comments]) VALUES (94, 73, N'search_amounts', NULL, N'48.80.93.94', NULL)
INSERT [dbo].[VGF_Menu] ([Id], [Permission], [Label], [Icon], [FullIndex], [Comments]) VALUES (95, 74, N'view_configurations_list', NULL, N'48.80.93.95', NULL)
INSERT [dbo].[VGF_Menu] ([Id], [Permission], [Label], [Icon], [FullIndex], [Comments]) VALUES (96, 75, N'search_credit_cards', NULL, N'48.80.93.96', NULL)
INSERT [dbo].[VGF_Menu] ([Id], [Permission], [Label], [Icon], [FullIndex], [Comments]) VALUES (97, NULL, N'portability', NULL, N'48.97', NULL)
INSERT [dbo].[VGF_Menu] ([Id], [Permission], [Label], [Icon], [FullIndex], [Comments]) VALUES (98, NULL, N'operator', NULL, N'48.97.98', NULL)
INSERT [dbo].[VGF_Menu] ([Id], [Permission], [Label], [Icon], [FullIndex], [Comments]) VALUES (99, 76, N'add_new', NULL, N'48.97.98.99', NULL)
GO
INSERT [dbo].[VGF_Menu] ([Id], [Permission], [Label], [Icon], [FullIndex], [Comments]) VALUES (100, 77, N'search', NULL, N'48.97.98.100', NULL)
INSERT [dbo].[VGF_Menu] ([Id], [Permission], [Label], [Icon], [FullIndex], [Comments]) VALUES (101, NULL, N'csp', NULL, N'48.101', NULL)
INSERT [dbo].[VGF_Menu] ([Id], [Permission], [Label], [Icon], [FullIndex], [Comments]) VALUES (102, NULL, N'operator', NULL, N'48.101.102', NULL)
INSERT [dbo].[VGF_Menu] ([Id], [Permission], [Label], [Icon], [FullIndex], [Comments]) VALUES (103, 78, N'add_new', NULL, N'48.101.102.103', NULL)
INSERT [dbo].[VGF_Menu] ([Id], [Permission], [Label], [Icon], [FullIndex], [Comments]) VALUES (104, 79, N'search', NULL, N'48.101.102.104', NULL)
INSERT [dbo].[VGF_Menu] ([Id], [Permission], [Label], [Icon], [FullIndex], [Comments]) VALUES (105, NULL, N'country', NULL, N'48.105', NULL)
INSERT [dbo].[VGF_Menu] ([Id], [Permission], [Label], [Icon], [FullIndex], [Comments]) VALUES (106, 80, N'add_new', NULL, N'48.105.106', NULL)
INSERT [dbo].[VGF_Menu] ([Id], [Permission], [Label], [Icon], [FullIndex], [Comments]) VALUES (107, 81, N'search', NULL, N'48.105.107', NULL)
INSERT [dbo].[VGF_Menu] ([Id], [Permission], [Label], [Icon], [FullIndex], [Comments]) VALUES (108, NULL, N'translations', NULL, N'48.108', NULL)
INSERT [dbo].[VGF_Menu] ([Id], [Permission], [Label], [Icon], [FullIndex], [Comments]) VALUES (109, NULL, N'inbound', NULL, N'48.108.109', NULL)
INSERT [dbo].[VGF_Menu] ([Id], [Permission], [Label], [Icon], [FullIndex], [Comments]) VALUES (110, 82, N'add_new', NULL, N'48.108.109.110', NULL)
INSERT [dbo].[VGF_Menu] ([Id], [Permission], [Label], [Icon], [FullIndex], [Comments]) VALUES (111, 83, N'search', NULL, N'48.108.109.111', NULL)
INSERT [dbo].[VGF_Menu] ([Id], [Permission], [Label], [Icon], [FullIndex], [Comments]) VALUES (112, NULL, N'outbound', NULL, N'48.108.112', NULL)
INSERT [dbo].[VGF_Menu] ([Id], [Permission], [Label], [Icon], [FullIndex], [Comments]) VALUES (113, 84, N'add_new', NULL, N'48.108.112.113', NULL)
INSERT [dbo].[VGF_Menu] ([Id], [Permission], [Label], [Icon], [FullIndex], [Comments]) VALUES (114, 85, N'search', NULL, N'48.108.112.114', NULL)
INSERT [dbo].[VGF_Menu] ([Id], [Permission], [Label], [Icon], [FullIndex], [Comments]) VALUES (115, 86, N'parameters', NULL, N'48.115', NULL)
INSERT [dbo].[VGF_Menu] ([Id], [Permission], [Label], [Icon], [FullIndex], [Comments]) VALUES (116, 87, N'service_manager', NULL, N'48.116', NULL)
INSERT [dbo].[VGF_Menu] ([Id], [Permission], [Label], [Icon], [FullIndex], [Comments]) VALUES (117, NULL, N'collect_calls_prefixes', NULL, N'48.117', NULL)
INSERT [dbo].[VGF_Menu] ([Id], [Permission], [Label], [Icon], [FullIndex], [Comments]) VALUES (118, 88, N'add_new', NULL, N'48.117.118', NULL)
INSERT [dbo].[VGF_Menu] ([Id], [Permission], [Label], [Icon], [FullIndex], [Comments]) VALUES (119, 89, N'search', NULL, N'48.117.119', NULL)
INSERT [dbo].[VGF_Menu] ([Id], [Permission], [Label], [Icon], [FullIndex], [Comments]) VALUES (120, NULL, N'system_log', N'cloud_done', N'120', NULL)
INSERT [dbo].[VGF_Menu] ([Id], [Permission], [Label], [Icon], [FullIndex], [Comments]) VALUES (121, 90, N'log_viewer', NULL, N'120.121', NULL)
INSERT [dbo].[VGF_Menu] ([Id], [Permission], [Label], [Icon], [FullIndex], [Comments]) VALUES (122, 91, N'security_levels_references', NULL, N'120.122', NULL)
INSERT [dbo].[VGF_Menu] ([Id], [Permission], [Label], [Icon], [FullIndex], [Comments]) VALUES (123, 92, N'distributor_security_levels', NULL, N'120.123', NULL)
INSERT [dbo].[VGF_Menu] ([Id], [Permission], [Label], [Icon], [FullIndex], [Comments]) VALUES (124, NULL, N'utilities', N'build', N'124', NULL)
INSERT [dbo].[VGF_Menu] ([Id], [Permission], [Label], [Icon], [FullIndex], [Comments]) VALUES (125, 93, N'destination_update', NULL, N'124.125', NULL)
INSERT [dbo].[VGF_Menu] ([Id], [Permission], [Label], [Icon], [FullIndex], [Comments]) VALUES (126, 94, N'batches_generation', NULL, N'124.126', NULL)
INSERT [dbo].[VGF_Menu] ([Id], [Permission], [Label], [Icon], [FullIndex], [Comments]) VALUES (127, 95, N'rate_update', NULL, N'124.127', NULL)
INSERT [dbo].[VGF_Menu] ([Id], [Permission], [Label], [Icon], [FullIndex], [Comments]) VALUES (128, 96, N'rate_plan_update', NULL, N'124.128', NULL)
INSERT [dbo].[VGF_Menu] ([Id], [Permission], [Label], [Icon], [FullIndex], [Comments]) VALUES (129, 97, N'translations_update', NULL, N'124.129', NULL)
INSERT [dbo].[VGF_Menu] ([Id], [Permission], [Label], [Icon], [FullIndex], [Comments]) VALUES (130, 98, N'dnis_update', NULL, N'124.130', NULL)
INSERT [dbo].[VGF_Menu] ([Id], [Permission], [Label], [Icon], [FullIndex], [Comments]) VALUES (131, 99, N'destination_group_update', NULL, N'124.131', NULL)
INSERT [dbo].[VGF_Menu] ([Id], [Permission], [Label], [Icon], [FullIndex], [Comments]) VALUES (132, 100, N'restriction_update', NULL, N'124.132', NULL)
INSERT [dbo].[VGF_Menu] ([Id], [Permission], [Label], [Icon], [FullIndex], [Comments]) VALUES (133, 101, N'generated_user_upload', NULL, N'124.133', NULL)
INSERT [dbo].[VGF_Menu] ([Id], [Permission], [Label], [Icon], [FullIndex], [Comments]) VALUES (134, 102, N'generated_batches_upload', NULL, N'124.134', NULL)
INSERT [dbo].[VGF_Menu] ([Id], [Permission], [Label], [Icon], [FullIndex], [Comments]) VALUES (135, 103, N'cost_lists_administration', NULL, N'124.135', NULL)
INSERT [dbo].[VGF_Menu] ([Id], [Permission], [Label], [Icon], [FullIndex], [Comments]) VALUES (136, 104, N'batches_administration', NULL, N'124.136', NULL)
INSERT [dbo].[VGF_Menu] ([Id], [Permission], [Label], [Icon], [FullIndex], [Comments]) VALUES (137, 105, N'users_administration', NULL, N'124.137', NULL)
INSERT [dbo].[VGF_Menu] ([Id], [Permission], [Label], [Icon], [FullIndex], [Comments]) VALUES (138, 106, N'downloads_historical_files', NULL, N'124.138', NULL)
INSERT [dbo].[VGF_Menu] ([Id], [Permission], [Label], [Icon], [FullIndex], [Comments]) VALUES (139, 107, N'look_and_feel', NULL, N'124.139', NULL)
INSERT [dbo].[VGF_Menu] ([Id], [Permission], [Label], [Icon], [FullIndex], [Comments]) VALUES (140, 108, N'pdf_configuration', NULL, N'124.140', NULL)
INSERT [dbo].[VGF_Menu] ([Id], [Permission], [Label], [Icon], [FullIndex], [Comments]) VALUES (141, NULL, N'reports', N'report', N'141', NULL)
INSERT [dbo].[VGF_Menu] ([Id], [Permission], [Label], [Icon], [FullIndex], [Comments]) VALUES (142, NULL, N'cost', NULL, N'141.142', NULL)
INSERT [dbo].[VGF_Menu] ([Id], [Permission], [Label], [Icon], [FullIndex], [Comments]) VALUES (143, 109, N'by_carrier', NULL, N'141.142.143', NULL)
INSERT [dbo].[VGF_Menu] ([Id], [Permission], [Label], [Icon], [FullIndex], [Comments]) VALUES (144, NULL, N'cdr', NULL, N'141.144', NULL)
INSERT [dbo].[VGF_Menu] ([Id], [Permission], [Label], [Icon], [FullIndex], [Comments]) VALUES (145, 110, N'by_client', NULL, N'141.144.145', NULL)
INSERT [dbo].[VGF_Menu] ([Id], [Permission], [Label], [Icon], [FullIndex], [Comments]) VALUES (146, 111, N'by_country', NULL, N'141.144.146', NULL)
INSERT [dbo].[VGF_Menu] ([Id], [Permission], [Label], [Icon], [FullIndex], [Comments]) VALUES (147, 112, N'by_destination', NULL, N'141.144.147', NULL)
INSERT [dbo].[VGF_Menu] ([Id], [Permission], [Label], [Icon], [FullIndex], [Comments]) VALUES (148, 113, N'by_destination_group', NULL, N'141.144.148', NULL)
INSERT [dbo].[VGF_Menu] ([Id], [Permission], [Label], [Icon], [FullIndex], [Comments]) VALUES (149, 114, N'by_user', NULL, N'141.144.149', NULL)
INSERT [dbo].[VGF_Menu] ([Id], [Permission], [Label], [Icon], [FullIndex], [Comments]) VALUES (150, 115, N'by_gateway', NULL, N'141.144.150', NULL)
INSERT [dbo].[VGF_Menu] ([Id], [Permission], [Label], [Icon], [FullIndex], [Comments]) VALUES (151, 116, N'by_wholesale', NULL, N'141.144.151', NULL)
INSERT [dbo].[VGF_Menu] ([Id], [Permission], [Label], [Icon], [FullIndex], [Comments]) VALUES (152, 117, N'by_plan', NULL, N'141.144.152', NULL)
INSERT [dbo].[VGF_Menu] ([Id], [Permission], [Label], [Icon], [FullIndex], [Comments]) VALUES (153, NULL, N'profits', NULL, N'141.153', NULL)
INSERT [dbo].[VGF_Menu] ([Id], [Permission], [Label], [Icon], [FullIndex], [Comments]) VALUES (154, 118, N'my_profits', NULL, N'141.153.154', NULL)
INSERT [dbo].[VGF_Menu] ([Id], [Permission], [Label], [Icon], [FullIndex], [Comments]) VALUES (155, 119, N'my_profits_no_distributor', NULL, N'141.153.155', NULL)
INSERT [dbo].[VGF_Menu] ([Id], [Permission], [Label], [Icon], [FullIndex], [Comments]) VALUES (156, 120, N'distributors_profit', NULL, N'141.153.156', NULL)
INSERT [dbo].[VGF_Menu] ([Id], [Permission], [Label], [Icon], [FullIndex], [Comments]) VALUES (157, NULL, N'statistics', NULL, N'141.157', NULL)
INSERT [dbo].[VGF_Menu] ([Id], [Permission], [Label], [Icon], [FullIndex], [Comments]) VALUES (158, 121, N'ars', NULL, N'141.157.158', NULL)
INSERT [dbo].[VGF_Menu] ([Id], [Permission], [Label], [Icon], [FullIndex], [Comments]) VALUES (159, 122, N'carrier_difference', NULL, N'141.157.159', NULL)
INSERT [dbo].[VGF_Menu] ([Id], [Permission], [Label], [Icon], [FullIndex], [Comments]) VALUES (160, 123, N'online_purchases', NULL, N'141.157.160', NULL)
INSERT [dbo].[VGF_Menu] ([Id], [Permission], [Label], [Icon], [FullIndex], [Comments]) VALUES (161, 124, N'shared_batches_adjustements', NULL, N'141.157.161', NULL)
INSERT [dbo].[VGF_Menu] ([Id], [Permission], [Label], [Icon], [FullIndex], [Comments]) VALUES (162, 125, N'users', NULL, N'141.157.162', NULL)
INSERT [dbo].[VGF_Menu] ([Id], [Permission], [Label], [Icon], [FullIndex], [Comments]) VALUES (163, 126, N'custom', NULL, N'141.163', NULL)
INSERT [dbo].[VGF_Menu] ([Id], [Permission], [Label], [Icon], [FullIndex], [Comments]) VALUES (164, 127, N'stats_module', NULL, N'141.164', NULL)
INSERT [dbo].[VGF_Menu] ([Id], [Permission], [Label], [Icon], [FullIndex], [Comments]) VALUES (165, NULL, N'distributors', N'vertical_split', N'165', NULL)
INSERT [dbo].[VGF_Menu] ([Id], [Permission], [Label], [Icon], [FullIndex], [Comments]) VALUES (166, 128, N'add_new', NULL, N'165.166', NULL)
INSERT [dbo].[VGF_Menu] ([Id], [Permission], [Label], [Icon], [FullIndex], [Comments]) VALUES (167, 129, N'stats_module', NULL, N'165.167', NULL)
INSERT [dbo].[VGF_Menu] ([Id], [Permission], [Label], [Icon], [FullIndex], [Comments]) VALUES (168, 129, N'payment_module', NULL, N'165.168', NULL)
INSERT [dbo].[VGF_Menu] ([Id], [Permission], [Label], [Icon], [FullIndex], [Comments]) VALUES (169, NULL, N'properties', N'vertical_split', N'169', NULL)
INSERT [dbo].[VGF_Menu] ([Id], [Permission], [Label], [Icon], [FullIndex], [Comments]) VALUES (170, 130, N'related_route_plan', NULL, N'169.170', NULL)
INSERT [dbo].[VGF_Menu] ([Id], [Permission], [Label], [Icon], [FullIndex], [Comments]) VALUES (171, 131, N'related_network_elements', NULL, N'169.171', NULL)
INSERT [dbo].[VGF_Menu] ([Id], [Permission], [Label], [Icon], [FullIndex], [Comments]) VALUES (172, 132, N'did_prefixes', NULL, N'169.172', NULL)
INSERT [dbo].[VGF_Menu] ([Id], [Permission], [Label], [Icon], [FullIndex], [Comments]) VALUES (173, 22, N'phone_numbers_dnis', NULL, N'169.173', NULL)
INSERT [dbo].[VGF_Menu] ([Id], [Permission], [Label], [Icon], [FullIndex], [Comments]) VALUES (174, NULL, N'online_purchases', NULL, N'169.174', NULL)
INSERT [dbo].[VGF_Menu] ([Id], [Permission], [Label], [Icon], [FullIndex], [Comments]) VALUES (175, 133, N'product_configuration', NULL, N'169.174.175', NULL)
INSERT [dbo].[VGF_Menu] ([Id], [Permission], [Label], [Icon], [FullIndex], [Comments]) VALUES (176, NULL, N'amounts', NULL, N'169.174.176', NULL)
INSERT [dbo].[VGF_Menu] ([Id], [Permission], [Label], [Icon], [FullIndex], [Comments]) VALUES (177, 134, N'add_new', NULL, N'169.174.176.177', NULL)
INSERT [dbo].[VGF_Menu] ([Id], [Permission], [Label], [Icon], [FullIndex], [Comments]) VALUES (178, 135, N'search', NULL, N'169.174.176.178', NULL)
INSERT [dbo].[VGF_Menu] ([Id], [Permission], [Label], [Icon], [FullIndex], [Comments]) VALUES (179, NULL, N'credit_cards', NULL, N'169.174.179', NULL)
INSERT [dbo].[VGF_Menu] ([Id], [Permission], [Label], [Icon], [FullIndex], [Comments]) VALUES (180, 136, N'add_new', NULL, N'169.174.179.180', NULL)
INSERT [dbo].[VGF_Menu] ([Id], [Permission], [Label], [Icon], [FullIndex], [Comments]) VALUES (181, 137, N'search', NULL, N'169.174.179.181', NULL)
INSERT [dbo].[VGF_Menu] ([Id], [Permission], [Label], [Icon], [FullIndex], [Comments]) VALUES (182, 138, N'view_properties', NULL, N'169.182', NULL)
INSERT [dbo].[VGF_Menu] ([Id], [Permission], [Label], [Icon], [FullIndex], [Comments]) VALUES (183, NULL, N'clients', N'group', N'183', NULL)
INSERT [dbo].[VGF_Menu] ([Id], [Permission], [Label], [Icon], [FullIndex], [Comments]) VALUES (184, 139, N'add_new', NULL, N'183.184', NULL)
INSERT [dbo].[VGF_Menu] ([Id], [Permission], [Label], [Icon], [FullIndex], [Comments]) VALUES (185, 140, N'search', NULL, N'183.185', NULL)
INSERT [dbo].[VGF_Menu] ([Id], [Permission], [Label], [Icon], [FullIndex], [Comments]) VALUES (186, NULL, N'operators', N'assignment', N'186', NULL)
INSERT [dbo].[VGF_Menu] ([Id], [Permission], [Label], [Icon], [FullIndex], [Comments]) VALUES (187, 141, N'add_new', NULL, N'186.187', NULL)
INSERT [dbo].[VGF_Menu] ([Id], [Permission], [Label], [Icon], [FullIndex], [Comments]) VALUES (188, 142, N'search', NULL, N'186.188', NULL)
INSERT [dbo].[VGF_Menu] ([Id], [Permission], [Label], [Icon], [FullIndex], [Comments]) VALUES (189, 143, N'change_my_password', NULL, N'186.189', NULL)
INSERT [dbo].[VGF_Menu] ([Id], [Permission], [Label], [Icon], [FullIndex], [Comments]) VALUES (190, NULL, N'plan', N'group_work', N'190', NULL)
INSERT [dbo].[VGF_Menu] ([Id], [Permission], [Label], [Icon], [FullIndex], [Comments]) VALUES (191, 144, N'add_new', NULL, N'190.191', NULL)
INSERT [dbo].[VGF_Menu] ([Id], [Permission], [Label], [Icon], [FullIndex], [Comments]) VALUES (192, 145, N'search', NULL, N'190.192', NULL)
SET IDENTITY_INSERT [dbo].[VGF_Menu] OFF
SET IDENTITY_INSERT [dbo].[VGF_UserLevelPermissions] ON 

INSERT [dbo].[VGF_UserLevelPermissions] ([Id], [UserLevel], [Permission]) VALUES (1, 1, 1)
INSERT [dbo].[VGF_UserLevelPermissions] ([Id], [UserLevel], [Permission]) VALUES (2, 1, 2)
INSERT [dbo].[VGF_UserLevelPermissions] ([Id], [UserLevel], [Permission]) VALUES (3, 2, 6)
INSERT [dbo].[VGF_UserLevelPermissions] ([Id], [UserLevel], [Permission]) VALUES (4, 1, 4)
INSERT [dbo].[VGF_UserLevelPermissions] ([Id], [UserLevel], [Permission]) VALUES (5, 2, 4)
INSERT [dbo].[VGF_UserLevelPermissions] ([Id], [UserLevel], [Permission]) VALUES (6, 3, 4)
INSERT [dbo].[VGF_UserLevelPermissions] ([Id], [UserLevel], [Permission]) VALUES (7, 1, 13)
INSERT [dbo].[VGF_UserLevelPermissions] ([Id], [UserLevel], [Permission]) VALUES (8, 2, 13)
INSERT [dbo].[VGF_UserLevelPermissions] ([Id], [UserLevel], [Permission]) VALUES (9, 3, 13)
INSERT [dbo].[VGF_UserLevelPermissions] ([Id], [UserLevel], [Permission]) VALUES (10, 2, 14)
INSERT [dbo].[VGF_UserLevelPermissions] ([Id], [UserLevel], [Permission]) VALUES (11, 2, 15)
INSERT [dbo].[VGF_UserLevelPermissions] ([Id], [UserLevel], [Permission]) VALUES (12, 1, 16)
INSERT [dbo].[VGF_UserLevelPermissions] ([Id], [UserLevel], [Permission]) VALUES (13, 2, 16)
INSERT [dbo].[VGF_UserLevelPermissions] ([Id], [UserLevel], [Permission]) VALUES (14, 3, 16)
INSERT [dbo].[VGF_UserLevelPermissions] ([Id], [UserLevel], [Permission]) VALUES (15, 1, 17)
INSERT [dbo].[VGF_UserLevelPermissions] ([Id], [UserLevel], [Permission]) VALUES (16, 2, 17)
INSERT [dbo].[VGF_UserLevelPermissions] ([Id], [UserLevel], [Permission]) VALUES (17, 3, 17)
INSERT [dbo].[VGF_UserLevelPermissions] ([Id], [UserLevel], [Permission]) VALUES (18, 2, 18)
INSERT [dbo].[VGF_UserLevelPermissions] ([Id], [UserLevel], [Permission]) VALUES (19, 1, 19)
INSERT [dbo].[VGF_UserLevelPermissions] ([Id], [UserLevel], [Permission]) VALUES (20, 2, 19)
INSERT [dbo].[VGF_UserLevelPermissions] ([Id], [UserLevel], [Permission]) VALUES (21, 3, 19)
INSERT [dbo].[VGF_UserLevelPermissions] ([Id], [UserLevel], [Permission]) VALUES (22, 2, 20)
INSERT [dbo].[VGF_UserLevelPermissions] ([Id], [UserLevel], [Permission]) VALUES (23, 1, 21)
INSERT [dbo].[VGF_UserLevelPermissions] ([Id], [UserLevel], [Permission]) VALUES (24, 2, 21)
INSERT [dbo].[VGF_UserLevelPermissions] ([Id], [UserLevel], [Permission]) VALUES (25, 3, 21)
INSERT [dbo].[VGF_UserLevelPermissions] ([Id], [UserLevel], [Permission]) VALUES (26, 2, 22)
INSERT [dbo].[VGF_UserLevelPermissions] ([Id], [UserLevel], [Permission]) VALUES (27, 1, 23)
INSERT [dbo].[VGF_UserLevelPermissions] ([Id], [UserLevel], [Permission]) VALUES (28, 2, 23)
INSERT [dbo].[VGF_UserLevelPermissions] ([Id], [UserLevel], [Permission]) VALUES (29, 3, 23)
INSERT [dbo].[VGF_UserLevelPermissions] ([Id], [UserLevel], [Permission]) VALUES (30, 1, 24)
INSERT [dbo].[VGF_UserLevelPermissions] ([Id], [UserLevel], [Permission]) VALUES (31, 2, 24)
INSERT [dbo].[VGF_UserLevelPermissions] ([Id], [UserLevel], [Permission]) VALUES (32, 2, 25)
INSERT [dbo].[VGF_UserLevelPermissions] ([Id], [UserLevel], [Permission]) VALUES (33, 1, 26)
INSERT [dbo].[VGF_UserLevelPermissions] ([Id], [UserLevel], [Permission]) VALUES (34, 2, 26)
INSERT [dbo].[VGF_UserLevelPermissions] ([Id], [UserLevel], [Permission]) VALUES (35, 3, 26)
INSERT [dbo].[VGF_UserLevelPermissions] ([Id], [UserLevel], [Permission]) VALUES (36, 2, 27)
INSERT [dbo].[VGF_UserLevelPermissions] ([Id], [UserLevel], [Permission]) VALUES (37, 1, 28)
INSERT [dbo].[VGF_UserLevelPermissions] ([Id], [UserLevel], [Permission]) VALUES (38, 2, 28)
INSERT [dbo].[VGF_UserLevelPermissions] ([Id], [UserLevel], [Permission]) VALUES (39, 3, 28)
INSERT [dbo].[VGF_UserLevelPermissions] ([Id], [UserLevel], [Permission]) VALUES (40, 2, 29)
INSERT [dbo].[VGF_UserLevelPermissions] ([Id], [UserLevel], [Permission]) VALUES (41, 2, 30)
INSERT [dbo].[VGF_UserLevelPermissions] ([Id], [UserLevel], [Permission]) VALUES (42, 1, 31)
INSERT [dbo].[VGF_UserLevelPermissions] ([Id], [UserLevel], [Permission]) VALUES (43, 2, 31)
INSERT [dbo].[VGF_UserLevelPermissions] ([Id], [UserLevel], [Permission]) VALUES (44, 1, 32)
INSERT [dbo].[VGF_UserLevelPermissions] ([Id], [UserLevel], [Permission]) VALUES (45, 2, 32)
INSERT [dbo].[VGF_UserLevelPermissions] ([Id], [UserLevel], [Permission]) VALUES (46, 2, 33)
INSERT [dbo].[VGF_UserLevelPermissions] ([Id], [UserLevel], [Permission]) VALUES (47, 1, 34)
INSERT [dbo].[VGF_UserLevelPermissions] ([Id], [UserLevel], [Permission]) VALUES (48, 1, 35)
INSERT [dbo].[VGF_UserLevelPermissions] ([Id], [UserLevel], [Permission]) VALUES (49, 1, 36)
INSERT [dbo].[VGF_UserLevelPermissions] ([Id], [UserLevel], [Permission]) VALUES (50, 2, 36)
INSERT [dbo].[VGF_UserLevelPermissions] ([Id], [UserLevel], [Permission]) VALUES (51, 1, 37)
INSERT [dbo].[VGF_UserLevelPermissions] ([Id], [UserLevel], [Permission]) VALUES (52, 2, 37)
INSERT [dbo].[VGF_UserLevelPermissions] ([Id], [UserLevel], [Permission]) VALUES (53, 3, 37)
INSERT [dbo].[VGF_UserLevelPermissions] ([Id], [UserLevel], [Permission]) VALUES (54, 1, 38)
INSERT [dbo].[VGF_UserLevelPermissions] ([Id], [UserLevel], [Permission]) VALUES (55, 1, 39)
INSERT [dbo].[VGF_UserLevelPermissions] ([Id], [UserLevel], [Permission]) VALUES (56, 2, 39)
INSERT [dbo].[VGF_UserLevelPermissions] ([Id], [UserLevel], [Permission]) VALUES (57, 1, 40)
INSERT [dbo].[VGF_UserLevelPermissions] ([Id], [UserLevel], [Permission]) VALUES (58, 2, 40)
INSERT [dbo].[VGF_UserLevelPermissions] ([Id], [UserLevel], [Permission]) VALUES (59, 1, 41)
INSERT [dbo].[VGF_UserLevelPermissions] ([Id], [UserLevel], [Permission]) VALUES (60, 2, 41)
INSERT [dbo].[VGF_UserLevelPermissions] ([Id], [UserLevel], [Permission]) VALUES (61, 1, 42)
INSERT [dbo].[VGF_UserLevelPermissions] ([Id], [UserLevel], [Permission]) VALUES (62, 2, 42)
INSERT [dbo].[VGF_UserLevelPermissions] ([Id], [UserLevel], [Permission]) VALUES (63, 2, 43)
INSERT [dbo].[VGF_UserLevelPermissions] ([Id], [UserLevel], [Permission]) VALUES (64, 1, 44)
INSERT [dbo].[VGF_UserLevelPermissions] ([Id], [UserLevel], [Permission]) VALUES (65, 2, 44)
INSERT [dbo].[VGF_UserLevelPermissions] ([Id], [UserLevel], [Permission]) VALUES (66, 3, 44)
INSERT [dbo].[VGF_UserLevelPermissions] ([Id], [UserLevel], [Permission]) VALUES (67, 1, 45)
INSERT [dbo].[VGF_UserLevelPermissions] ([Id], [UserLevel], [Permission]) VALUES (68, 1, 46)
INSERT [dbo].[VGF_UserLevelPermissions] ([Id], [UserLevel], [Permission]) VALUES (69, 1, 47)
INSERT [dbo].[VGF_UserLevelPermissions] ([Id], [UserLevel], [Permission]) VALUES (70, 1, 48)
INSERT [dbo].[VGF_UserLevelPermissions] ([Id], [UserLevel], [Permission]) VALUES (71, 1, 49)
INSERT [dbo].[VGF_UserLevelPermissions] ([Id], [UserLevel], [Permission]) VALUES (72, 1, 50)
INSERT [dbo].[VGF_UserLevelPermissions] ([Id], [UserLevel], [Permission]) VALUES (73, 1, 51)
INSERT [dbo].[VGF_UserLevelPermissions] ([Id], [UserLevel], [Permission]) VALUES (74, 1, 52)
INSERT [dbo].[VGF_UserLevelPermissions] ([Id], [UserLevel], [Permission]) VALUES (75, 1, 53)
INSERT [dbo].[VGF_UserLevelPermissions] ([Id], [UserLevel], [Permission]) VALUES (76, 1, 54)
INSERT [dbo].[VGF_UserLevelPermissions] ([Id], [UserLevel], [Permission]) VALUES (77, 1, 55)
INSERT [dbo].[VGF_UserLevelPermissions] ([Id], [UserLevel], [Permission]) VALUES (78, 1, 56)
INSERT [dbo].[VGF_UserLevelPermissions] ([Id], [UserLevel], [Permission]) VALUES (79, 1, 57)
INSERT [dbo].[VGF_UserLevelPermissions] ([Id], [UserLevel], [Permission]) VALUES (80, 1, 58)
INSERT [dbo].[VGF_UserLevelPermissions] ([Id], [UserLevel], [Permission]) VALUES (81, 1, 59)
INSERT [dbo].[VGF_UserLevelPermissions] ([Id], [UserLevel], [Permission]) VALUES (82, 1, 60)
INSERT [dbo].[VGF_UserLevelPermissions] ([Id], [UserLevel], [Permission]) VALUES (83, 1, 61)
INSERT [dbo].[VGF_UserLevelPermissions] ([Id], [UserLevel], [Permission]) VALUES (84, 1, 62)
INSERT [dbo].[VGF_UserLevelPermissions] ([Id], [UserLevel], [Permission]) VALUES (85, 1, 63)
INSERT [dbo].[VGF_UserLevelPermissions] ([Id], [UserLevel], [Permission]) VALUES (86, 1, 64)
INSERT [dbo].[VGF_UserLevelPermissions] ([Id], [UserLevel], [Permission]) VALUES (87, 1, 65)
INSERT [dbo].[VGF_UserLevelPermissions] ([Id], [UserLevel], [Permission]) VALUES (88, 1, 66)
INSERT [dbo].[VGF_UserLevelPermissions] ([Id], [UserLevel], [Permission]) VALUES (89, 1, 67)
INSERT [dbo].[VGF_UserLevelPermissions] ([Id], [UserLevel], [Permission]) VALUES (90, 1, 68)
INSERT [dbo].[VGF_UserLevelPermissions] ([Id], [UserLevel], [Permission]) VALUES (91, 1, 69)
INSERT [dbo].[VGF_UserLevelPermissions] ([Id], [UserLevel], [Permission]) VALUES (92, 1, 70)
INSERT [dbo].[VGF_UserLevelPermissions] ([Id], [UserLevel], [Permission]) VALUES (93, 1, 71)
INSERT [dbo].[VGF_UserLevelPermissions] ([Id], [UserLevel], [Permission]) VALUES (94, 1, 72)
INSERT [dbo].[VGF_UserLevelPermissions] ([Id], [UserLevel], [Permission]) VALUES (95, 1, 73)
INSERT [dbo].[VGF_UserLevelPermissions] ([Id], [UserLevel], [Permission]) VALUES (96, 1, 74)
INSERT [dbo].[VGF_UserLevelPermissions] ([Id], [UserLevel], [Permission]) VALUES (97, 1, 75)
INSERT [dbo].[VGF_UserLevelPermissions] ([Id], [UserLevel], [Permission]) VALUES (98, 1, 76)
INSERT [dbo].[VGF_UserLevelPermissions] ([Id], [UserLevel], [Permission]) VALUES (99, 1, 77)
GO
INSERT [dbo].[VGF_UserLevelPermissions] ([Id], [UserLevel], [Permission]) VALUES (100, 1, 78)
INSERT [dbo].[VGF_UserLevelPermissions] ([Id], [UserLevel], [Permission]) VALUES (101, 1, 79)
INSERT [dbo].[VGF_UserLevelPermissions] ([Id], [UserLevel], [Permission]) VALUES (102, 1, 80)
INSERT [dbo].[VGF_UserLevelPermissions] ([Id], [UserLevel], [Permission]) VALUES (103, 1, 81)
INSERT [dbo].[VGF_UserLevelPermissions] ([Id], [UserLevel], [Permission]) VALUES (104, 1, 82)
INSERT [dbo].[VGF_UserLevelPermissions] ([Id], [UserLevel], [Permission]) VALUES (105, 1, 83)
INSERT [dbo].[VGF_UserLevelPermissions] ([Id], [UserLevel], [Permission]) VALUES (106, 1, 84)
INSERT [dbo].[VGF_UserLevelPermissions] ([Id], [UserLevel], [Permission]) VALUES (107, 1, 85)
INSERT [dbo].[VGF_UserLevelPermissions] ([Id], [UserLevel], [Permission]) VALUES (108, 1, 86)
INSERT [dbo].[VGF_UserLevelPermissions] ([Id], [UserLevel], [Permission]) VALUES (109, 1, 87)
INSERT [dbo].[VGF_UserLevelPermissions] ([Id], [UserLevel], [Permission]) VALUES (110, 1, 88)
INSERT [dbo].[VGF_UserLevelPermissions] ([Id], [UserLevel], [Permission]) VALUES (111, 1, 89)
INSERT [dbo].[VGF_UserLevelPermissions] ([Id], [UserLevel], [Permission]) VALUES (112, 1, 90)
INSERT [dbo].[VGF_UserLevelPermissions] ([Id], [UserLevel], [Permission]) VALUES (113, 2, 90)
INSERT [dbo].[VGF_UserLevelPermissions] ([Id], [UserLevel], [Permission]) VALUES (114, 3, 90)
INSERT [dbo].[VGF_UserLevelPermissions] ([Id], [UserLevel], [Permission]) VALUES (115, 1, 91)
INSERT [dbo].[VGF_UserLevelPermissions] ([Id], [UserLevel], [Permission]) VALUES (116, 1, 92)
INSERT [dbo].[VGF_UserLevelPermissions] ([Id], [UserLevel], [Permission]) VALUES (117, 1, 93)
INSERT [dbo].[VGF_UserLevelPermissions] ([Id], [UserLevel], [Permission]) VALUES (118, 2, 94)
INSERT [dbo].[VGF_UserLevelPermissions] ([Id], [UserLevel], [Permission]) VALUES (119, 1, 95)
INSERT [dbo].[VGF_UserLevelPermissions] ([Id], [UserLevel], [Permission]) VALUES (120, 2, 95)
INSERT [dbo].[VGF_UserLevelPermissions] ([Id], [UserLevel], [Permission]) VALUES (121, 1, 96)
INSERT [dbo].[VGF_UserLevelPermissions] ([Id], [UserLevel], [Permission]) VALUES (122, 1, 97)
INSERT [dbo].[VGF_UserLevelPermissions] ([Id], [UserLevel], [Permission]) VALUES (123, 1, 98)
INSERT [dbo].[VGF_UserLevelPermissions] ([Id], [UserLevel], [Permission]) VALUES (124, 1, 99)
INSERT [dbo].[VGF_UserLevelPermissions] ([Id], [UserLevel], [Permission]) VALUES (125, 2, 100)
INSERT [dbo].[VGF_UserLevelPermissions] ([Id], [UserLevel], [Permission]) VALUES (126, 2, 101)
INSERT [dbo].[VGF_UserLevelPermissions] ([Id], [UserLevel], [Permission]) VALUES (127, 2, 102)
INSERT [dbo].[VGF_UserLevelPermissions] ([Id], [UserLevel], [Permission]) VALUES (128, 1, 103)
INSERT [dbo].[VGF_UserLevelPermissions] ([Id], [UserLevel], [Permission]) VALUES (129, 2, 103)
INSERT [dbo].[VGF_UserLevelPermissions] ([Id], [UserLevel], [Permission]) VALUES (130, 1, 104)
INSERT [dbo].[VGF_UserLevelPermissions] ([Id], [UserLevel], [Permission]) VALUES (131, 2, 104)
INSERT [dbo].[VGF_UserLevelPermissions] ([Id], [UserLevel], [Permission]) VALUES (132, 2, 105)
INSERT [dbo].[VGF_UserLevelPermissions] ([Id], [UserLevel], [Permission]) VALUES (133, 1, 106)
INSERT [dbo].[VGF_UserLevelPermissions] ([Id], [UserLevel], [Permission]) VALUES (134, 2, 106)
INSERT [dbo].[VGF_UserLevelPermissions] ([Id], [UserLevel], [Permission]) VALUES (135, 3, 106)
INSERT [dbo].[VGF_UserLevelPermissions] ([Id], [UserLevel], [Permission]) VALUES (136, 1, 107)
INSERT [dbo].[VGF_UserLevelPermissions] ([Id], [UserLevel], [Permission]) VALUES (137, 2, 107)
INSERT [dbo].[VGF_UserLevelPermissions] ([Id], [UserLevel], [Permission]) VALUES (138, 2, 108)
INSERT [dbo].[VGF_UserLevelPermissions] ([Id], [UserLevel], [Permission]) VALUES (139, 1, 109)
INSERT [dbo].[VGF_UserLevelPermissions] ([Id], [UserLevel], [Permission]) VALUES (140, 1, 110)
INSERT [dbo].[VGF_UserLevelPermissions] ([Id], [UserLevel], [Permission]) VALUES (141, 2, 110)
INSERT [dbo].[VGF_UserLevelPermissions] ([Id], [UserLevel], [Permission]) VALUES (142, 3, 110)
INSERT [dbo].[VGF_UserLevelPermissions] ([Id], [UserLevel], [Permission]) VALUES (143, 1, 111)
INSERT [dbo].[VGF_UserLevelPermissions] ([Id], [UserLevel], [Permission]) VALUES (144, 2, 111)
INSERT [dbo].[VGF_UserLevelPermissions] ([Id], [UserLevel], [Permission]) VALUES (145, 3, 111)
INSERT [dbo].[VGF_UserLevelPermissions] ([Id], [UserLevel], [Permission]) VALUES (146, 1, 112)
INSERT [dbo].[VGF_UserLevelPermissions] ([Id], [UserLevel], [Permission]) VALUES (147, 2, 112)
INSERT [dbo].[VGF_UserLevelPermissions] ([Id], [UserLevel], [Permission]) VALUES (148, 3, 112)
INSERT [dbo].[VGF_UserLevelPermissions] ([Id], [UserLevel], [Permission]) VALUES (149, 1, 113)
INSERT [dbo].[VGF_UserLevelPermissions] ([Id], [UserLevel], [Permission]) VALUES (150, 2, 113)
INSERT [dbo].[VGF_UserLevelPermissions] ([Id], [UserLevel], [Permission]) VALUES (151, 1, 114)
INSERT [dbo].[VGF_UserLevelPermissions] ([Id], [UserLevel], [Permission]) VALUES (152, 2, 114)
INSERT [dbo].[VGF_UserLevelPermissions] ([Id], [UserLevel], [Permission]) VALUES (153, 3, 114)
INSERT [dbo].[VGF_UserLevelPermissions] ([Id], [UserLevel], [Permission]) VALUES (154, 1, 115)
INSERT [dbo].[VGF_UserLevelPermissions] ([Id], [UserLevel], [Permission]) VALUES (155, 1, 116)
INSERT [dbo].[VGF_UserLevelPermissions] ([Id], [UserLevel], [Permission]) VALUES (156, 2, 117)
INSERT [dbo].[VGF_UserLevelPermissions] ([Id], [UserLevel], [Permission]) VALUES (157, 1, 118)
INSERT [dbo].[VGF_UserLevelPermissions] ([Id], [UserLevel], [Permission]) VALUES (158, 2, 118)
INSERT [dbo].[VGF_UserLevelPermissions] ([Id], [UserLevel], [Permission]) VALUES (159, 3, 118)
INSERT [dbo].[VGF_UserLevelPermissions] ([Id], [UserLevel], [Permission]) VALUES (160, 1, 119)
INSERT [dbo].[VGF_UserLevelPermissions] ([Id], [UserLevel], [Permission]) VALUES (161, 1, 120)
INSERT [dbo].[VGF_UserLevelPermissions] ([Id], [UserLevel], [Permission]) VALUES (162, 1, 121)
INSERT [dbo].[VGF_UserLevelPermissions] ([Id], [UserLevel], [Permission]) VALUES (163, 1, 122)
INSERT [dbo].[VGF_UserLevelPermissions] ([Id], [UserLevel], [Permission]) VALUES (164, 1, 123)
INSERT [dbo].[VGF_UserLevelPermissions] ([Id], [UserLevel], [Permission]) VALUES (165, 2, 123)
INSERT [dbo].[VGF_UserLevelPermissions] ([Id], [UserLevel], [Permission]) VALUES (166, 3, 123)
INSERT [dbo].[VGF_UserLevelPermissions] ([Id], [UserLevel], [Permission]) VALUES (167, 1, 124)
INSERT [dbo].[VGF_UserLevelPermissions] ([Id], [UserLevel], [Permission]) VALUES (168, 2, 124)
INSERT [dbo].[VGF_UserLevelPermissions] ([Id], [UserLevel], [Permission]) VALUES (169, 3, 124)
INSERT [dbo].[VGF_UserLevelPermissions] ([Id], [UserLevel], [Permission]) VALUES (170, 1, 125)
INSERT [dbo].[VGF_UserLevelPermissions] ([Id], [UserLevel], [Permission]) VALUES (171, 2, 125)
INSERT [dbo].[VGF_UserLevelPermissions] ([Id], [UserLevel], [Permission]) VALUES (172, 3, 125)
INSERT [dbo].[VGF_UserLevelPermissions] ([Id], [UserLevel], [Permission]) VALUES (173, 1, 126)
INSERT [dbo].[VGF_UserLevelPermissions] ([Id], [UserLevel], [Permission]) VALUES (174, 1, 127)
INSERT [dbo].[VGF_UserLevelPermissions] ([Id], [UserLevel], [Permission]) VALUES (175, 2, 127)
INSERT [dbo].[VGF_UserLevelPermissions] ([Id], [UserLevel], [Permission]) VALUES (176, 3, 127)
INSERT [dbo].[VGF_UserLevelPermissions] ([Id], [UserLevel], [Permission]) VALUES (177, 1, 128)
INSERT [dbo].[VGF_UserLevelPermissions] ([Id], [UserLevel], [Permission]) VALUES (178, 1, 129)
INSERT [dbo].[VGF_UserLevelPermissions] ([Id], [UserLevel], [Permission]) VALUES (179, 2, 130)
INSERT [dbo].[VGF_UserLevelPermissions] ([Id], [UserLevel], [Permission]) VALUES (180, 2, 131)
INSERT [dbo].[VGF_UserLevelPermissions] ([Id], [UserLevel], [Permission]) VALUES (181, 2, 132)
INSERT [dbo].[VGF_UserLevelPermissions] ([Id], [UserLevel], [Permission]) VALUES (182, 2, 72)
INSERT [dbo].[VGF_UserLevelPermissions] ([Id], [UserLevel], [Permission]) VALUES (183, 2, 133)
INSERT [dbo].[VGF_UserLevelPermissions] ([Id], [UserLevel], [Permission]) VALUES (184, 2, 134)
INSERT [dbo].[VGF_UserLevelPermissions] ([Id], [UserLevel], [Permission]) VALUES (185, 2, 135)
INSERT [dbo].[VGF_UserLevelPermissions] ([Id], [UserLevel], [Permission]) VALUES (186, 2, 136)
INSERT [dbo].[VGF_UserLevelPermissions] ([Id], [UserLevel], [Permission]) VALUES (187, 2, 137)
INSERT [dbo].[VGF_UserLevelPermissions] ([Id], [UserLevel], [Permission]) VALUES (188, 2, 138)
INSERT [dbo].[VGF_UserLevelPermissions] ([Id], [UserLevel], [Permission]) VALUES (189, 2, 139)
INSERT [dbo].[VGF_UserLevelPermissions] ([Id], [UserLevel], [Permission]) VALUES (190, 1, 140)
INSERT [dbo].[VGF_UserLevelPermissions] ([Id], [UserLevel], [Permission]) VALUES (191, 2, 140)
INSERT [dbo].[VGF_UserLevelPermissions] ([Id], [UserLevel], [Permission]) VALUES (192, 1, 141)
INSERT [dbo].[VGF_UserLevelPermissions] ([Id], [UserLevel], [Permission]) VALUES (193, 2, 141)
INSERT [dbo].[VGF_UserLevelPermissions] ([Id], [UserLevel], [Permission]) VALUES (194, 1, 142)
INSERT [dbo].[VGF_UserLevelPermissions] ([Id], [UserLevel], [Permission]) VALUES (195, 2, 142)
INSERT [dbo].[VGF_UserLevelPermissions] ([Id], [UserLevel], [Permission]) VALUES (196, 2, 143)
INSERT [dbo].[VGF_UserLevelPermissions] ([Id], [UserLevel], [Permission]) VALUES (197, 2, 144)
INSERT [dbo].[VGF_UserLevelPermissions] ([Id], [UserLevel], [Permission]) VALUES (198, 2, 145)
INSERT [dbo].[VGF_UserLevelPermissions] ([Id], [UserLevel], [Permission]) VALUES (199, 1, 12)
GO
INSERT [dbo].[VGF_UserLevelPermissions] ([Id], [UserLevel], [Permission]) VALUES (200, 2, 12)
INSERT [dbo].[VGF_UserLevelPermissions] ([Id], [UserLevel], [Permission]) VALUES (201, 3, 12)
INSERT [dbo].[VGF_UserLevelPermissions] ([Id], [UserLevel], [Permission]) VALUES (202, 2, 1)
INSERT [dbo].[VGF_UserLevelPermissions] ([Id], [UserLevel], [Permission]) VALUES (203, 2, 2)
INSERT [dbo].[VGF_UserLevelPermissions] ([Id], [UserLevel], [Permission]) VALUES (204, 3, 1)
INSERT [dbo].[VGF_UserLevelPermissions] ([Id], [UserLevel], [Permission]) VALUES (205, 3, 2)
SET IDENTITY_INSERT [dbo].[VGF_UserLevelPermissions] OFF
SET IDENTITY_INSERT [dbo].[VGF_Users] ON 

INSERT [dbo].[VGF_Users] ([Id], [Name], [Password], [Level], [Group], [Comments]) VALUES (1, N'admin', N'123456', 2, NULL, NULL)
INSERT [dbo].[VGF_Users] ([Id], [Name], [Password], [Level], [Group], [Comments]) VALUES (2, N'sup', N'123456', 1, NULL, NULL)
INSERT [dbo].[VGF_Users] ([Id], [Name], [Password], [Level], [Group], [Comments]) VALUES (3, N'op', N'123456', 3, NULL, NULL)
INSERT [dbo].[VGF_Users] ([Id], [Name], [Password], [Level], [Group], [Comments]) VALUES (4, N'lalala', N'123456', 2, NULL, NULL)
INSERT [dbo].[VGF_Users] ([Id], [Name], [Password], [Level], [Group], [Comments]) VALUES (6, N'a', N'1234567', 2, NULL, NULL)
SET IDENTITY_INSERT [dbo].[VGF_Users] OFF
SET IDENTITY_INSERT [dbo].[VGF_UserPermissions] ON 

INSERT [dbo].[VGF_UserPermissions] ([Id], [User], [Permission]) VALUES (2, 1, 6)
INSERT [dbo].[VGF_UserPermissions] ([Id], [User], [Permission]) VALUES (3, 1, 4)
INSERT [dbo].[VGF_UserPermissions] ([Id], [User], [Permission]) VALUES (4, 1, 7)
INSERT [dbo].[VGF_UserPermissions] ([Id], [User], [Permission]) VALUES (5, 1, 8)
INSERT [dbo].[VGF_UserPermissions] ([Id], [User], [Permission]) VALUES (6, 1, 9)
INSERT [dbo].[VGF_UserPermissions] ([Id], [User], [Permission]) VALUES (7, 1, 10)
INSERT [dbo].[VGF_UserPermissions] ([Id], [User], [Permission]) VALUES (8, 1, 11)
INSERT [dbo].[VGF_UserPermissions] ([Id], [User], [Permission]) VALUES (9, 1, 12)
INSERT [dbo].[VGF_UserPermissions] ([Id], [User], [Permission]) VALUES (10, 2, 12)
INSERT [dbo].[VGF_UserPermissions] ([Id], [User], [Permission]) VALUES (11, 2, 11)
INSERT [dbo].[VGF_UserPermissions] ([Id], [User], [Permission]) VALUES (12, 1, 146)
SET IDENTITY_INSERT [dbo].[VGF_UserPermissions] OFF
SET IDENTITY_INSERT [dbo].[VGF_ReportNodes] ON 

INSERT [dbo].[VGF_ReportNodes] ([Id], [Type], [Parent], [Value], [Alias], [Order], [FullIndex], [Operator], [Connector], [Hidden]) VALUES (1, N'Report', 0, NULL, NULL, NULL, N'1', NULL, NULL, NULL)
INSERT [dbo].[VGF_ReportNodes] ([Id], [Type], [Parent], [Value], [Alias], [Order], [FullIndex], [Operator], [Connector], [Hidden]) VALUES (2, N'Select', 1, NULL, NULL, NULL, N'1.2', NULL, NULL, NULL)
INSERT [dbo].[VGF_ReportNodes] ([Id], [Type], [Parent], [Value], [Alias], [Order], [FullIndex], [Operator], [Connector], [Hidden]) VALUES (3, N'Column', 2, N'uservirtualnumbre_id', NULL, NULL, N'1.2.3', NULL, NULL, NULL)
INSERT [dbo].[VGF_ReportNodes] ([Id], [Type], [Parent], [Value], [Alias], [Order], [FullIndex], [Operator], [Connector], [Hidden]) VALUES (4, N'Column', 2, N'userid', NULL, NULL, N'1.2.4', NULL, NULL, NULL)
INSERT [dbo].[VGF_ReportNodes] ([Id], [Type], [Parent], [Value], [Alias], [Order], [FullIndex], [Operator], [Connector], [Hidden]) VALUES (5, N'Column', 2, N'usercode', NULL, NULL, N'1.2.5', NULL, NULL, NULL)
INSERT [dbo].[VGF_ReportNodes] ([Id], [Type], [Parent], [Value], [Alias], [Order], [FullIndex], [Operator], [Connector], [Hidden]) VALUES (6, N'Column', 2, N'dnisnumber', NULL, NULL, N'1.2.6', NULL, NULL, NULL)
INSERT [dbo].[VGF_ReportNodes] ([Id], [Type], [Parent], [Value], [Alias], [Order], [FullIndex], [Operator], [Connector], [Hidden]) VALUES (7, N'Column', 2, N'destnumber', NULL, NULL, N'1.2.7', NULL, NULL, NULL)
INSERT [dbo].[VGF_ReportNodes] ([Id], [Type], [Parent], [Value], [Alias], [Order], [FullIndex], [Operator], [Connector], [Hidden]) VALUES (8, N'Column', 2, N'description', NULL, NULL, N'1.2.8', NULL, NULL, NULL)
INSERT [dbo].[VGF_ReportNodes] ([Id], [Type], [Parent], [Value], [Alias], [Order], [FullIndex], [Operator], [Connector], [Hidden]) VALUES (9, N'Table', 2, N'ugroup', NULL, NULL, N'1.2.9', NULL, NULL, NULL)
INSERT [dbo].[VGF_ReportNodes] ([Id], [Type], [Parent], [Value], [Alias], [Order], [FullIndex], [Operator], [Connector], [Hidden]) VALUES (10, N'Column', 9, N'description', NULL, NULL, N'1.9.10', NULL, NULL, NULL)
INSERT [dbo].[VGF_ReportNodes] ([Id], [Type], [Parent], [Value], [Alias], [Order], [FullIndex], [Operator], [Connector], [Hidden]) VALUES (11, N'From', 1, N'uservirtualnumber', NULL, NULL, N'1.11', NULL, NULL, NULL)
INSERT [dbo].[VGF_ReportNodes] ([Id], [Type], [Parent], [Value], [Alias], [Order], [FullIndex], [Operator], [Connector], [Hidden]) VALUES (12, N'Join', 1, NULL, NULL, NULL, N'1.12', NULL, NULL, NULL)
INSERT [dbo].[VGF_ReportNodes] ([Id], [Type], [Parent], [Value], [Alias], [Order], [FullIndex], [Operator], [Connector], [Hidden]) VALUES (13, N'Table', 12, N'user', NULL, NULL, N'1.12.13', NULL, NULL, NULL)
INSERT [dbo].[VGF_ReportNodes] ([Id], [Type], [Parent], [Value], [Alias], [Order], [FullIndex], [Operator], [Connector], [Hidden]) VALUES (14, N'Filter', 12, NULL, NULL, NULL, N'1.12.14', N'Equal', NULL, NULL)
INSERT [dbo].[VGF_ReportNodes] ([Id], [Type], [Parent], [Value], [Alias], [Order], [FullIndex], [Operator], [Connector], [Hidden]) VALUES (15, N'Table', 14, N'uservirtualnumber', NULL, NULL, N'1.12.14.15', NULL, NULL, NULL)
INSERT [dbo].[VGF_ReportNodes] ([Id], [Type], [Parent], [Value], [Alias], [Order], [FullIndex], [Operator], [Connector], [Hidden]) VALUES (16, N'Column', 15, N'userid', NULL, NULL, N'1.12.14.15.16', NULL, NULL, NULL)
INSERT [dbo].[VGF_ReportNodes] ([Id], [Type], [Parent], [Value], [Alias], [Order], [FullIndex], [Operator], [Connector], [Hidden]) VALUES (17, N'Table', 14, N'user', NULL, NULL, N'1.12.14.17', NULL, NULL, NULL)
INSERT [dbo].[VGF_ReportNodes] ([Id], [Type], [Parent], [Value], [Alias], [Order], [FullIndex], [Operator], [Connector], [Hidden]) VALUES (18, N'Column', 17, N'userid', NULL, NULL, N'1.12.14.17.18', NULL, NULL, NULL)
INSERT [dbo].[VGF_ReportNodes] ([Id], [Type], [Parent], [Value], [Alias], [Order], [FullIndex], [Operator], [Connector], [Hidden]) VALUES (19, N'OrderBy', 1, NULL, NULL, NULL, N'1.19', NULL, NULL, NULL)
INSERT [dbo].[VGF_ReportNodes] ([Id], [Type], [Parent], [Value], [Alias], [Order], [FullIndex], [Operator], [Connector], [Hidden]) VALUES (20, N'Column', 19, N'userid', NULL, N'ASC', N'1.19.20', NULL, NULL, NULL)
INSERT [dbo].[VGF_ReportNodes] ([Id], [Type], [Parent], [Value], [Alias], [Order], [FullIndex], [Operator], [Connector], [Hidden]) VALUES (21, N'Column', 19, N'usercode', NULL, N'DESC', N'1.19.21', NULL, NULL, NULL)
INSERT [dbo].[VGF_ReportNodes] ([Id], [Type], [Parent], [Value], [Alias], [Order], [FullIndex], [Operator], [Connector], [Hidden]) VALUES (22, N'Report', 0, NULL, NULL, NULL, N'22', NULL, NULL, NULL)
INSERT [dbo].[VGF_ReportNodes] ([Id], [Type], [Parent], [Value], [Alias], [Order], [FullIndex], [Operator], [Connector], [Hidden]) VALUES (23, N'Select', 22, NULL, NULL, NULL, N'22.23', NULL, NULL, NULL)
INSERT [dbo].[VGF_ReportNodes] ([Id], [Type], [Parent], [Value], [Alias], [Order], [FullIndex], [Operator], [Connector], [Hidden]) VALUES (24, N'Column', 23, N'Name', NULL, NULL, N'22.23.24', NULL, NULL, NULL)
INSERT [dbo].[VGF_ReportNodes] ([Id], [Type], [Parent], [Value], [Alias], [Order], [FullIndex], [Operator], [Connector], [Hidden]) VALUES (25, N'From', 22, N'VGF_Users', NULL, NULL, N'22.25', NULL, NULL, NULL)
INSERT [dbo].[VGF_ReportNodes] ([Id], [Type], [Parent], [Value], [Alias], [Order], [FullIndex], [Operator], [Connector], [Hidden]) VALUES (26, N'Column', 23, N'Id', NULL, NULL, N'22.23.26', NULL, NULL, NULL)
INSERT [dbo].[VGF_ReportNodes] ([Id], [Type], [Parent], [Value], [Alias], [Order], [FullIndex], [Operator], [Connector], [Hidden]) VALUES (27, N'Paginate', 1, N'10', NULL, NULL, N'1.27', NULL, NULL, NULL)
INSERT [dbo].[VGF_ReportNodes] ([Id], [Type], [Parent], [Value], [Alias], [Order], [FullIndex], [Operator], [Connector], [Hidden]) VALUES (28, N'Paginate', 22, N'2', NULL, NULL, N'22.28', NULL, NULL, NULL)
SET IDENTITY_INSERT [dbo].[VGF_ReportNodes] OFF
SET IDENTITY_INSERT [dbo].[VGF_Reports] ON 

INSERT [dbo].[VGF_Reports] ([Id], [Root], [Name], [UserLevel], [Comments]) VALUES (3, 1, N'VirtualNumbers', NULL, NULL)
INSERT [dbo].[VGF_Reports] ([Id], [Root], [Name], [UserLevel], [Comments]) VALUES (4, 22, N'Users', NULL, NULL)
SET IDENTITY_INSERT [dbo].[VGF_Reports] OFF
SET IDENTITY_INSERT [dbo].[VGF_oAuthClients] ON 

INSERT [dbo].[VGF_oAuthClients] ([Id], [Description], [Client_id], [Client_secret], [Domain], [Trusted_address], [Response_url], [Scope], [Ttl], [Comments]) VALUES (3, N'algo', N'1', N'abc', N'localhost/wsdetraf', N'localhost', N'', N'All', 60, NULL)
INSERT [dbo].[VGF_oAuthClients] ([Id], [Description], [Client_id], [Client_secret], [Domain], [Trusted_address], [Response_url], [Scope], [Ttl], [Comments]) VALUES (4, N'e', N'3', N'123456', N'192.168.0.48/wsdetraf/', N'192.168.0.48', N'', N'All', 60, NULL)
SET IDENTITY_INSERT [dbo].[VGF_oAuthClients] OFF
INSERT [dbo].[VGF_oAuthClientUsers] ([Client], [User], [Scope], [Code], [Access_token], [Refresh_token], [Delivered], [Expiration], [Address]) VALUES (3, 1, N'All', NULL, N'5WVUOQYNTYF66Q4OLQ1FIWUAR36YDIAL55TP7U5013T0SMD0OPL94GLICUCVUAKKY3AA6OR1UBOOC4SEZFKX6ARZULNNRJF1SIBYLC398UP216GHB75O0XNXMLQVBEJL6X63242WMKZMVY7XEFMUN0', N'A54OMAWI73LD6EAMPGEICP7BCYN2Q62Y7FWA8OS2ADM5BR13X2ZFPFXV73LYX41BBWG0SANBYMI8CC9U6UEXGXJ2RACFC4EFML4PKBLXPXQC6ZS5311DZE4NMOIR7I94HDW1HUJ5IRITGH52SGLLCB', CAST(N'2019-12-04 14:41:40.000' AS DateTime), CAST(N'2019-12-04 15:41:40.000' AS DateTime), N'::1')
INSERT [dbo].[VGF_oAuthClientUsers] ([Client], [User], [Scope], [Code], [Access_token], [Refresh_token], [Delivered], [Expiration], [Address]) VALUES (4, 1, N'All', NULL, N'KHAXC5J68UBX27Q8G7SS7BP5WDW135DYTAMYFP5CX8GKBB7CUYMJWRYI1EB9JSDCQNE2V130BQ595F4UFTGES4CCLD6AO62E5D3X7EQ25WHFWZNWKQ3ZL8TWLBQS43LFX0D2LGWADOJ6W6PW0KZ7CC', N'36THM5Y87BKBR5VVLE32W7ZX9OW32UDODU7HIE41MEQHWUOUBE9VDJQ5G6H7J4GN75878NMGKCPSQSAPAB2XVSK3EBBM76RS8DJ0VRVX22LB38PY516HBT2PVF26M9JNU7TNIJ3TPE42GJ9GWMQF9J', CAST(N'2019-12-04 10:44:26.000' AS DateTime), CAST(N'2019-12-04 11:44:26.000' AS DateTime), N'192.168.0.48')
